PM10,NO,NO2,NH3,SO2,CO,Ozone,PM2.5
89.9,8.27,7.43,0,26.43,0.37,7.7,0
102.75,7.81,10.09,0,66.81,0.57,31.16,0
87.09,7.58,8.83,0,58.71,0.31,19.35,0
125.81,7.68,8.66,0,37.71,0.29,19.86,0
125.12,7.71,9.06,0,0,0.31,22.16,0
166.97,7.84,9.56,0,0,0.37,29.64,0
107.51,7.89,9.16,0,0,0.3,33.83,0
102.68,7.98,9.72,0,5.23,0.36,20.92,0
133.46,7.79,9.28,0,40.53,0.29,0,0
160.54,7.81,9.62,0,57.43,0.31,30.63,0
123.55,7.97,9,0,20.69,0.31,16.62,0
90.3,7.63,9.36,0,66.86,0.32,18.26,0
206.25,7.74,9.82,0,39.76,0.3,12.72,0
194.3,7.72,9.98,0,103.08,0.44,27.08,0
146.4,7.85,9.49,0,20.66,0.32,50.98,0
93.31,7.51,8.47,0,21.88,0.27,51.34,0
117.97,7.76,9.51,0,38.65,0.36,18.76,0
116.97,7.94,9.55,0,63.4,0.35,47.8,0
109.86,8.02,9.76,0,31.66,0.39,35.63,0
95.41,7.58,8.61,0,61.41,0.29,29.29,0
132.48,7.84,8.66,0,42.98,0.3,37.4,0
150.54,7.46,8.37,0,44.75,0.35,28.52,0
151.64,7.96,9.83,0,80.85,0.45,34.42,0
194.58,7.81,10.16,0,60.01,0.38,14.6,0
137.49,7.98,10.01,0,43.71,0.3,10.22,0
94.89,8.14,9.67,0,24.04,0.29,6.78,0
86.69,8.08,10.4,0,66.16,0.43,9.88,0
76.69,7.95,8.89,0,28.45,0.28,5.91,0
111.25,8.12,10.45,0,75.11,0.43,13.46,0
115.84,8.1,9.28,0,49.1,0.43,10.35,0
129.3,8.17,10.41,0,47.54,0.42,7.37,0
101.75,7.89,9.33,0,74.55,0.4,16.05,0
169.32,7.79,9.82,0,37.15,0.35,11.47,0
199.88,8.06,10.67,0,31.8,0.35,17.06,0
172.49,8.13,8.79,0,30.19,0.38,22.44,0
132.52,7.97,9.59,0,27.54,0.33,10.26,0
114.87,8.18,9.14,0,51.86,0.36,12.46,0
178.26,7.76,9.07,0,53.94,0.39,10.64,0
155.59,7.95,9.87,0,42.63,0.39,6.53,0
102.62,7.74,9.02,0,31.63,0.41,5.77,0
97.98,7.87,10.08,0,50.5,0.34,12.21,0
109.64,7.95,9.76,0,34.46,0.34,5.37,0
82.74,7.73,8.93,0,0,0.4,16.45,0
142.2,7.85,9.26,0,0,0.29,15.22,0
185.55,8.11,9.85,0,62.3,0.42,22.12,0
80.41,0,0,0,19.18,0.35,9.76,0
122.91,14.57,12.2,0,11.94,0.31,8.96,0
107.58,7.93,10.3,0,21.48,0.4,30.12,0
200.91,7.71,9.51,0,14.78,0.31,21.58,0
108.55,7.78,9.75,0,19.49,0.3,15,0
49.88,7.91,9.78,0,16.32,0.31,10.09,0
63.78,7.95,9.29,0,12.13,0.32,11.56,0
102.51,0,0,0,15.43,0,8.15,0
199.69,0,0,0,17.19,0,10.44,0
0,0,0,0,15.2,0,7.8,0
0,0,0,0,26.59,0,3.81,0
0,0,0,0,28.48,0,2.38,0
0,0,0,0,46.42,0,2.08,0
0,0,0,0,0,0,0,0
113.48,0,0,0,1.99,0.19,0,0
23,1.21,1.39,0,3.47,0.09,2.25,0
0,0,0,0,0,0,0,0
0,0,0,0,0,0,0,0
21.87,3.06,5.1,0,5,0.11,3.58,0
1.16,1.01,1.43,0,4.08,0.03,0.31,0
2.92,1.05,1.77,0,0.44,0.03,1.12,0
0,0,0,0,0,0,0,0
33.95,4.01,6.44,0,3.87,0.15,2.15,0
1.56,0.31,0.52,0,0,0,0.04,0
0,0,0,0,0,0,0,0
9.52,1.63,2.75,0,1.56,0.04,0.92,0
4.03,0.46,1.17,0,0.53,0.01,0.13,0
11.49,1.19,2.56,0,1.34,0.05,0.39,0
0,0,0,0,0,0,0,0
0,0,0,0,0,0,0,0
0,0,0,0,0,0,0,0
0,0,0,0,0,0,0,0
58.42,6.04,10.85,0,13.22,0.26,75.41,0
1.73,0.2,0.33,0,0.55,0.01,0.21,0
22.59,3.45,5.4,0,6.06,0.16,0,0
53.96,7.04,11.33,0,12.43,0.34,0,0
52.5,7.06,11.25,0,12,0.36,0,0
0,0,0,0,0,0,0,0
13.3,2.18,3.06,0,2.96,0.09,0,0
25.04,6.93,9.4,0,12.1,0.35,0,0
18.59,6.95,9.56,0,9.48,0.34,0,0
30.84,6.72,9.63,0,9.74,0.29,0,0
0,0,0,0,0,0,0,0
0,0,0,0,0,0,0,0
0,0,0,0,0,0,0,0
0,0,0,0,0,0,0,0
0,0,0,0,0,0,0,0
78.32,6.68,176.54,0,47.07,0.24,105.67,0
55.49,6.88,29.14,0,8.51,1.01,0,0
44.26,6.88,8.13,0,9.5,0,0,0
63.22,6.84,8.21,0,10.36,0,0,0
76.41,6.72,8.64,0,14.33,0,0,0
65.07,6.87,8.92,0,25.63,0,0,0
44.78,6.82,8.44,0,23.57,0,0,0
49.18,6.8,7.98,0,11.05,0,0,0
45.72,6.79,7.86,0,12.23,0,0,0
37.07,6.57,7.4,0,12.54,0,0,0
46.12,6.6,7.4,0,15.12,0,0,0
36.69,6.76,7.61,0,13.14,0,0,0
55.5,6.8,7.84,0,10.23,0,0,0
99.35,6.42,8.32,0,12.63,0,0,0
0,0,0,0,0,0,0,0
61.36,6.92,7.71,0,8.72,0,0,0
81.06,6.79,8.08,0,11.1,0.3,0,0
90.51,0,0,0,9.29,0.3,0,0
0,0,0,0,0,0,0,0
0,0,0,0,0,0,0,0
47.65,6.19,7.51,0,7.94,0.25,0,0
39.88,5.6,6.57,0,8.47,0.26,0,0
0,0,0,0,0,0,0,0
38.09,7.13,9.07,0,15.96,0.37,0,0
18.84,3.19,3.39,0,5.16,0.13,0,0
0,0,0,0,0,0,0,0
0,0,0,0,0,0,0,0
0,7.63,6.92,0,6.19,0.27,0,0
0,0,0,0,0,0,0,0
0,0,0,0,0,0,0,0
0,0,0,0,0,0,0,0
1.5,4.36,3.65,0,12.55,0.23,0,0
0,0,0,0,0,0,0,0
0,0,0,0,0,0,0,0
0,0,0,0,0,0,0,0
56.6,5.06,6.43,0,20.75,0.38,0,0
0,0,0,0,0,0,0,0
0,0,0,0,0,0,0,0
0,0,0,0,0,0,0,0
0,0,0,0,0,0,0,0
0,0,0,0,0,0,0,0
0,0,0,0,0,0,0,0
0,0,0,0,0,0,0,0
0,0,0,0,0,0,0,0
0,0,0,0,0,0,0,0
0,0,0,0,0,0,0,0
0,0,0,0,0,0,0,0
0,0,0,0,0,0,0,0
0,0,0,0,0,0,0,0
0,0,0,0,0,0,0,0
0,0,0,0,0,0,0,0
0,0,0,0,0,0,0,0
0,0,0,0,0,0,0,0
0,0,0,0,0,0,0,0
0,0,0,0,0,0,0,0
0,0,0,0,0,0,0,0
0,0,0,0,0,0,0,0
0,0,0,0,0,0,0,0
0,0,0,0,0,0,0,0
0,0,0,0,0,0,0,0
0,0,0,0,0,0,0,0
0,0,0,0,0,0,0,0
0,0,0,0,0,0,0,0
0,0,0,0,0,0,0,0
88.19,7.47,7.23,6.76,22.77,0.25,44.77,0
0,0,0,0,0,0,0,0
0,0,0,0,0,0,0,0
0,0,0,0,0,0,0,0
0,0,0,0,0,0,0,0
34.7,6.98,7.31,6.54,10.25,0.33,0,0
0,0,0,6.84,0,0,0,0
0,0,0,0,0,0,0,0
0,0,0,0,0,0,0,0
0,0,0,0,0,0,0,0
0,0,0,6.59,0,0,0,0
0,0,0,0,0,0,0,0
185.55,7.68,6.78,6.74,27.51,0.28,19.97,0
0,0,0,6.77,0,0,0,0
0,0,0,6.74,0,0,0,0
77.44,7.2,6.71,6.8,18,0.24,9.08,0
0,0,0,6.71,0,0,0,0
13.7,7.77,6.48,6.94,21.9,0.36,23.28,0
0,0,0,0,0,0,0,0
0,0,0,0,0,0,0,0
0,0,0,0,0,0,0,0
0,0,0,0,0,0,0,0
0,0,0,0,0,0,0,0
0,0,0,0,0,0,0,0
0,0,0,0,0,0,0,0
0,0,0,0,0,0,0,0
0,0,0,7.14,0,0,0,0
204.26,4.68,4.79,6.53,25.96,0.3,0,0
7.12,0.82,0.34,7.69,2.72,0.02,72.29,0
14.26,0.97,0.83,7.47,1.93,0.02,126.32,0
3.41,0,0,0,1.31,0.02,59.52,0
27.73,0,0,0,10.89,0.1,4.45,0
95.08,8.37,6.46,7.14,33.99,0.19,10.96,0
97.4,8.74,5.17,8.24,52.38,0.4,85.92,0
0,0,0,0,0,0,0,0
0,0,0,0,0,0,0,0
262.73,7.2,7.47,6.89,39.02,0.37,41.84,0
110.4,8.68,7.74,6.63,33.91,0.37,18.99,0
0,0,0,0,0,0,0,0
0,0,0,0,0,0,0,0
144.78,7.99,9.13,7.04,31.9,0.35,34.32,0
212.3,9.78,8.99,7.1,89.42,0.37,31.05,0
129.1,8.82,7.65,6.71,89.18,0.45,17.43,0
0,0,0,0,0,0,0,0
0,0,0,0,0,0,0,0
116.24,7.62,10.08,6.93,63.59,0.25,19.19,0
0,0,0,0,0,0,0,0
0,0,0,0,0,0,0,0
0,0,0,0,0,0,0,0
0,0,0,0,0,0,0,0
196.1,8.66,8.27,6.73,91.23,0.5,44.99,0
231,9.57,9.47,7.06,38.73,0.69,10.7,0
235.05,8.59,9.31,6.84,43.56,0.09,16.29,0
0,0,0,0,0,0,0,0
247.74,8.95,10.27,6.86,38.92,0.29,54.88,0
151.5,8.22,10.51,7.13,3.26,0.26,58.86,0
184.55,7.01,10.37,7,79.47,0.18,53.65,0
0,0,0,0,0,0,0,0
0,0,0,0,0,0,0,0
0,0,0,0,0,0,0,0
0,0,0,0,0,0,0,0
0,0,0,0,0,0,0,0
0,0,0,0,0,0,0,0
0,0,0,0,0,0,0,0
0,0,0,0,0,0,0,0
0,0,0,0,0,0,0,0
0,0,0,0,0,0,0,0
0,0,0,0,0,0,0,0
0,0,0,0,0,0,0,0
0,0,0,0,0,0,0,0
0,0,0,0,0,0,0,0
0,0,0,0,0,0,0,0
0,0,0,0,0,0,0,0
0,0,0,0,0,0,0,0
0,0,0,0,0,0,0,0
0,0,0,0,0,0,0,0
0,0,0,0,0,0,0,0
180.76,12.3,11.88,6.91,55.76,0.41,50.3,0
143.91,10.69,10.6,6.99,36.66,0.34,90.94,0
129.18,9.18,10.14,7.03,37.54,0.33,41.65,0
188.23,9.98,10.52,6.94,29.68,0.33,27.7,0
177.54,9.2,10.33,6.88,42.64,0.34,23.97,0
0,0,0,0,0,0,0,0
156.18,8.65,10.51,6.93,77.78,0.34,29.83,0
145.03,9.43,10.48,6.99,52.17,0.33,29.96,0
212.33,10.26,11.79,6.95,66.61,0.42,32.03,0
232.32,10.77,11.84,6.91,70.32,0.32,64.05,0
271.11,12.93,12.47,7.05,78.31,0.31,25.11,0
220.89,14.97,14.63,6.63,85.85,0.36,7.87,0
375.3,15.11,12.56,7.7,0,0.32,1.77,0
129.04,9.65,11.58,6.88,64.96,0.41,26.46,0
107.8,8.37,9.78,6.92,37.87,0.34,24.43,0
163.5,0,0,0,50.87,0.33,27.51,0
282.4,0,0,0,26.82,0.34,6.8,0
0,0,0,0,0,0,0,0
0,0,0,0,0,0,0,0
0,0,0,0,0,0,0,0
0,0,0,0,0,0,0,0
171.78,8.39,10.79,6.79,79.85,0.39,37.81,0
189.38,9.07,11.08,6.86,53.03,0.29,47.68,0
262.68,9.69,12.75,6.9,54.29,0.31,19.53,0
188.3,8.93,11.07,7.02,0,0.35,28.55,0
153.89,8.47,10.36,6.87,0,0.3,27.33,0
157.91,8.31,10.65,6.87,60.44,0.33,30.38,0
203.75,9.57,11.79,6.9,54.73,0.37,41.61,0
243.04,11.12,12.07,6.95,56.76,0.3,26.63,0
161.28,9.77,11.53,7,56.52,0.34,24.17,0
199.77,10.55,11.86,6.95,60.16,0.31,23.39,0
131,9.74,10.96,7.1,59.35,0.36,26.98,0
148.4,8.73,10.2,7,59.06,0.35,24.47,0
245.88,12.17,13.36,6.86,75.06,0.33,24.53,0
169.99,10.49,12.02,7.08,73.35,0.33,18.72,0
218.69,9.87,12.12,7.04,92.61,0.34,17.22,0
93.29,8.78,10.08,7.06,45.41,0.29,18.11,0
122.15,9.17,10.42,7,48.74,0.31,20.11,0
129.73,8.88,10.09,6.94,45.35,0.37,17.88,0
89.11,10.3,11.42,6.91,68.53,0.32,16.45,0
189.49,9.82,10.65,7.01,57.23,0.31,19.75,0
168.13,9.94,10.89,6.88,47.19,0.37,21.81,0
116.94,8.45,9.36,7.04,56.99,0.31,17.16,0
155.26,8.85,10.6,6.82,55.94,0.35,18.34,0
176.28,9.07,9.79,7.01,53.64,0.3,20.29,0
266.85,9.93,11.14,6.96,89.52,0.41,15.41,0
228.15,11.06,11.79,7,93.62,0.34,15.66,0
311.03,10.04,10.79,6.95,82.53,0.28,15.71,0
207.88,8.88,9.35,6.95,52.59,0.3,16.69,0
248.61,8.33,8.9,7.02,43.14,0.33,24,0
138.59,8.73,9.31,6.87,66.87,0.33,18.25,0
271.45,9.79,10.41,6.88,85.98,0.37,15.43,0
278.83,9.63,10.19,6.97,54.05,0.27,19.28,0
136.32,9.31,10.91,6.67,85.1,0.37,20.39,0
149.25,9.97,10.28,6.92,103.66,0.38,29.38,0
129.02,10.5,10.07,6.9,78.74,0.31,11.5,0
56.51,8.33,8.78,6.88,39.37,0.29,11.6,0
82.72,8.39,8.85,7,46.85,0.31,35.1,0
108.1,16.09,10.72,6.91,72.73,0.36,46.14,0
100.7,9.21,9.55,6.97,46.58,0.25,165.48,0
0,0,0,0,0,0,0,0
235.37,11.09,11.34,6.56,98.62,0.37,39.32,0
207.24,8.59,9.78,6.95,103.52,0.34,45.18,0
143.35,8.72,9.34,6.93,87.47,0.3,45.1,0
161.16,9.45,9.82,6.87,81.63,0.32,30.09,0
157.81,10.15,9.8,6.97,0,0.42,36.1,0
183.55,10.81,10.4,6.95,0,0.34,38.58,0
227.37,9,9.68,6.89,0,0.37,38.02,0
120.48,9.76,8.52,6.87,0,0.32,42.42,0
119.84,10.33,8.99,6.93,0,0.38,35.21,0
130.7,8.85,9.29,6.86,86.66,0.3,41.78,0
235.53,11.1,9.33,6.93,0,0.4,20.79,0
124.09,8.93,9.04,6.92,0,0.33,21.18,0
124.68,8.27,8.8,6.86,0,0.29,30.26,0
207.67,8.38,8.27,6.86,0,0.28,78.55,0
261.37,8.13,7.93,6.9,69.1,0.3,26.57,0
120.62,8.52,8.27,6.91,0,0.31,28.92,0
201.43,8.19,8.55,6.83,69.27,0.34,26.67,0
188.85,8.84,10.9,6.9,134.06,0.34,39.38,0
145.41,8.67,10.01,6.74,87.1,0.34,95.46,0
124.47,8.29,9.08,6.85,93.89,0.3,54.51,0
134.79,8.99,9.25,6.87,91.16,0.31,33.16,0
216.7,9.38,10.1,6.9,127.23,0.38,30.87,0
158.41,8.96,10.11,6.91,122.06,0.35,41.41,0
132.64,9.74,9.96,6.8,95.36,0.31,34.46,0
165.37,11.62,10.38,6.96,127.3,0.36,27.98,0
217.71,8.88,8.86,6.77,94.63,0.27,30.66,0
101,8.19,8.9,6.79,109.67,0.33,29.38,0
130.24,8.18,9.13,6.82,108.04,0.36,30.59,0
189.42,8.61,8.86,6.9,90.26,0.39,21.62,0
224.19,8.64,9.12,6.87,113.7,0.31,24.55,0
256.22,13.47,12.75,6.81,114.63,0.33,22.55,0
358.14,15.21,12.6,6.98,136.46,0.35,25.35,0
304.8,9.61,10.77,6.81,124.57,0.35,20.92,0
165.8,9.61,10.14,6.81,116.99,0.37,16.82,0
143.3,9.97,9,6.76,122.94,0.14,3.89,0
0,0,0,0,0,0,0,0
0,0,0,0,0,0,0,0
290.3,8.48,7.39,7.25,132.04,0.07,58.97,0
0,0,0,0,0,0,0,0
0,0,0,0,0,0,0,0
0,0,0,0,0,0,0,0
0,0,0,0,0,0,0,0
0,0,0,0,0,0,0,0
298.45,10.14,6.38,0,110.29,0,22.2,0
0,0,0,0,0,0,0,0
0,0,0,0,0,0,0,0
125.87,6.83,7.53,6.45,0,0.13,32.8,0
541.9,8.23,7.84,6.52,0,0.23,4.23,0
0,0,0,0,0,0,0,0
0,0,0,0,0,0,0,0
0,0,0,0,0,0,0,0
164.57,0,0,0,0,0.77,44.1,0
80.09,7.72,8.22,6.69,93.58,0.37,34.95,0
28.88,7.68,8.19,6.73,84.13,0.4,7.08,0
0,0,0,0,0,0,0,0
0,0,0,0,0,0,0,0
0,0,0,0,0,0,0,0
0,0,0,0,0,0,0,0
0,0,0,0,0,0,0,0
150.69,7.56,7.57,6.81,0,0.32,25.99,0
114.81,7.67,8.23,6.74,35.92,0.52,21.11,0
42.53,8.66,7.36,6.88,34.43,0.23,2.03,0
0,0,0,0,0,0,0,0
127.01,8.98,9.47,7.01,83.53,0.33,35.54,0
139.87,10.3,10.46,6.92,121.58,0.47,30.16,0
146.75,11.34,11.31,6.23,142.21,0.39,13.62,0
46.94,8.75,10.09,6.45,158.25,1.12,24.69,0
0,10.69,12.24,7.04,0,0,39.86,0
59,9.75,5.69,8.14,28.27,0.47,39.91,0
0,7.49,6.65,7.54,0,0.47,57.72,0
407,9.24,4.73,7.37,0,0.34,21.46,0
76.4,7.64,6.71,6.97,140.43,0.34,23.72,0
0,6.34,6.81,6.67,0,0,25.86,0
46.77,6.75,6.07,6.66,138.17,0.54,41.38,0
46.7,0,0,0,0,0,45.32,0
44.36,5.91,6.46,6.58,96.26,0.49,40.95,0
0,0,0,0,0,0,0,0
0,0,0,0,0,0,0,0
0,0,0,0,0,1.26,8.42,0
0,0,0,0,0,0,0,0
0,0,0,0,0,0,0,0
0,0,0,0,0,0,0,0
0,0,0,0,0,0,0,0
0,0,0,0,0,0,0,0
0,0,0,0,0,0,0,0
0,0,0,0,0,0,0,0
0,0,0,0,0,0,0,0
0,0,0,0,0,0,0,0
0,10.31,7.34,6.9,0,0.1,16.75,0
0,0,0,0,0,0,0,0
0,0,0,0,0,0,0,0
0,0,0,0,0,0,0,0
0,7.02,8.19,6.59,0,0,26.11,0
0,0,0,0,0,0,0,0
0,0,0,0,0,0,0,0
0,0,0,0,0,0,0,0
0,0,0,0,0,0,0,0
0,0,0,0,0,0,0,0
0,0,0,0,0,0,0,0
49.8,19.11,6.48,8.34,5.91,0.03,19.17,0
0,0,0,0,0,0,0,0
0,0,0,0,0,0,0,0
0,0,0,0,0,0,0,0
83.84,15.13,8.38,7.81,61.66,0.38,25.44,0
106.06,15.34,7.72,8,62.97,0.49,33.39,0
150.43,15.35,8.49,7.56,76.71,0.44,14.6,0
167.84,14.76,7.18,8.01,55.47,0.37,11.92,0
135.67,14.77,7.41,7.97,55.29,0.35,17.93,0
153.74,15.02,7.57,7.78,32.62,0.38,79.44,0
105.01,15.29,6.74,8.13,33.19,0.44,55.1,0
0,0,0,0,0,0,0,0
0,0,0,0,0,0,0,0
0,0,0,0,0,0,0,0
0,0,0,0,0,0,0,0
0,0,0,0,0,0,0,0
0,8.81,10.76,5.92,0,3.75,0,0
151.22,11.2,7.54,6.27,131.49,0.93,41.08,0
0,0,0,0,0,0,0,0
0,0,0,0,0,0,0,0
0,0,0,0,0,0,0,0
0,0,0,0,0,0,0,0
0,0,0,0,0,0,0,0
0,0,0,0,0,0,0,0
0,0,0,0,0,0,0,0
0,0,0,0,0,0,0,0
0,0,0,0,0,0,0,0
0,0,0,0,0,0,0,0
0,0,0,0,0,0,0,0
0,0,0,0,0,0,0,0
0,0,0,0,0,0,0,0
0,0,0,0,0,0,0,0
0,0,0,0,0,0,0,0
0,0,0,0,0,0,0,0
0,0,0,0,0,0,0,0
90.71,5.94,6.63,6.51,21.94,0.11,9.83,0
48.53,6.25,6.33,6.54,25.72,0.44,7.34,0
70.29,6.55,6.11,6.56,22.17,0.34,5.92,0
161.47,6.57,6.83,6.59,31.15,0.35,9.45,0
112.25,6.39,6.78,6.57,24.06,0.29,7.82,0
95.04,6.6,6.73,6.65,24.99,0.31,5.68,0
81.54,7.69,7.31,6.65,22.83,0.33,6.41,0
86.65,7.78,7.43,6.71,23.87,0.28,7.67,0
101.32,7.3,7.36,6.64,25.11,0.29,39.8,0
100.39,7.4,7.13,6.72,25.7,0.29,15.2,0
87.54,7.43,7.01,6.68,19.72,0.31,5.41,0
66.23,7.39,7.11,6.63,21.53,0.28,4.81,0
69.48,7.41,7.33,6.66,30.37,0.33,12.9,0
69.74,7.47,7.5,6.63,26.53,0.35,18.11,0
60.87,7.23,7.46,6.62,21.96,0.33,17.18,0
87.49,7.13,7.12,6.63,21.65,0.31,37.85,0
116.9,7.48,7.63,6.65,19.71,0.33,27.17,0
113.66,7.21,7.23,6.66,31.8,0.35,8.46,0
66.74,7.05,7.23,6.59,24.72,0.37,6,0
48.19,7.14,7.46,6.59,27.75,0.46,5.55,0
56.39,7.11,7.26,6.62,28.32,0.31,4.8,0
75.41,7.21,6.8,6.65,19.3,0.33,10.48,0
81.89,7,6.75,6.71,30.32,0.43,10.12,0
60.14,7.23,7.15,6.62,28.75,0.37,50.49,0
54.34,7.05,7.08,6.59,22.96,0.26,22.25,0
91.38,7.13,7,6.71,20.35,0.3,8.35,0
115.54,7.28,7.01,6.61,19.69,0.38,15.15,0
184.47,6.56,7.18,6.76,30.27,0.38,9.73,0
81.52,7.06,7.09,6.61,28.55,0.4,20.86,0
86.69,6.95,7.06,6.6,23.19,0.32,15.69,0
70.58,6.74,6.87,6.62,15.59,0.33,13.79,0
82.13,6.93,6.75,6.68,15.84,0.24,16.55,0
136.03,7.02,6.86,6.6,13.55,0.36,14.55,0
196.32,7.07,6.8,6.63,24.86,0.32,15.28,0
115.07,7.03,6.93,6.61,17.62,0.34,11.97,0
108,7.08,7.13,6.66,22.58,0.33,43.5,0
106.29,6.96,7.25,6.64,28.17,0.35,9.66,0
109.49,7.27,7.19,6.63,28.09,0.37,4.83,0
117.77,7.16,7.06,6.62,41.85,0.46,5.64,0
120.37,7.01,7.34,6.58,33.49,0.44,4.99,0
117.87,7.03,7.09,6.62,40.77,0.41,4.45,0
150.27,7.06,7.64,6.56,31.59,0.41,3.56,0
118.2,6.95,7.31,6.61,35.05,0.35,4.5,0
114.34,6.94,7.37,6.6,37.51,0.4,4.22,0
99.33,6.88,7.51,6.6,43.92,0.38,19.44,0
121.06,7.14,7.26,6.61,52.13,0.44,23.15,0
161.25,7.46,10.56,7.1,35.87,0.46,5.68,0
191.03,7.32,8.78,6.63,67.22,0.39,5.73,0
87.31,7.08,7.5,6.65,58.33,0.46,30.58,0
86.3,7.27,7.71,6.55,69.1,0.65,100.68,0
114.91,7.04,7.27,6.6,54.9,0.44,23.84,0
128.43,6.97,6.96,6.62,52.6,0.43,20.81,0
146.1,7.01,7.24,6.57,29.44,0.35,20.87,0
152.3,6.92,7.08,6.59,33.88,0.39,22.36,0
141.32,6.77,7.28,6.54,45.14,0.42,16.31,0
95.3,7,7.34,6.59,37.33,0.36,14.58,0
102.36,7.1,7.36,6.62,28.57,0.34,68.13,0
102.3,7.28,7.29,6.57,52.67,0.43,20.53,0
147.65,7.05,7.17,6.59,50.53,0.46,5.92,0
144.96,8.65,7.62,6.67,48.52,0.47,8.24,0
120.06,6.98,6.94,6.67,41.64,0.4,46.86,0
98.46,6.97,7.03,6.6,18.77,0.37,30.78,0
69.46,7.14,7.12,6.58,42.22,0.29,13.59,0
107.53,7.1,6.92,6.57,29.43,0,14.53,0
87.22,7.1,7.12,6.62,30.92,0,19.98,0
82.4,7.13,7.29,6.61,36.86,0,13.76,0
72.32,7.1,7.08,6.65,33.86,0,12.87,0
94.43,7.35,7.75,6.39,0,0,18.94,0
0,0,0,0,0,0,0,0
0,0,0,0,0,0,0,0
0,0,0,0,0,0,0,0
0,0,0,0,0,0,0,0
0,0,0,0,0,0,0,0
0,0,0,0,0,0,0,0
0,0,0,0,0,0,0,0
0,0,0,0,0,0,0,0
0,0,0,0,0,0,0,0
0,0,0,0,0,0,0,0
0,0,0,0,0,0,0,0
0,0,0,0,0,0,0,0
0,0,0,0,0,0,0,0
0,0,0,0,0,0,0,0
0,0,0,0,0,0,0,0
171.52,6.59,7.88,6.61,0,0,22.71,0
0,0,0,0,0,0,0,0
0,0,0,0,0,0,0,0
0,0,0,0,0,0,0,0
0,0,0,0,0,0,0,0
0,0,0,0,0,0,0,0
0,0,0,0,0,0,0,0
0,0,0,0,0,0,0,0
0,0,0,0,0,0,0,0
219.22,6.71,7.69,6.52,0,0,35.91,0
309.67,7.15,7.43,6.55,0,0,21.99,0
343.88,7.14,7.69,6.52,0,0,22.26,0
308.94,7,7.44,6.57,0,0,24.61,0
299.53,6.46,7.85,6.44,0,0,14.87,0
380.2,7.21,7.98,6.4,0,0,43.97,0
356.08,7.25,7.68,6.55,0,0,18.03,0
331.29,7.27,7.75,6.53,0,0,16.31,0
101.76,6.98,7.56,6.58,0,0,9.27,0
137.58,7.42,7.62,6.59,0,0,9.4,0
134.39,7.38,7.59,6.53,0,0,15.56,0
118.6,7.09,6.97,6.56,0,0,20.05,0
0,0,0,0,0,0,0,0
379.47,6.92,7.68,6.61,0,0,55.29,0
289.62,6.81,7.26,6.56,0,0,35.53,0
292.04,7.16,7.19,6.6,0,0,26.51,0
285.56,7.19,6.99,6.6,0,0,30.5,0
219.38,6.9,6.92,6.58,0,0,30.09,0
293.18,7.02,7.12,6.59,0,0,27.02,0
393.4,6.97,7.05,6.59,0,0,27.66,0
372.29,6.93,6.92,6.64,0,0,26.04,0
269.51,6.98,6.95,6.61,0,0,31.38,0
260.46,6.88,7.29,6.68,0,0,29.55,0
303.7,6.86,7.34,6.59,0,0,31.56,0
260.19,7.31,7.29,6.65,0,0,22.66,0
255.65,7.07,7.18,6.58,0,0,25.04,0
273.22,7.15,7.2,6.66,0,0,23.5,0
194.99,6.88,6.98,6.65,0,0,19.3,0
233.21,7.48,7.44,6.61,0,0,26.83,0
272.77,7.45,7.25,6.65,0,0,16.69,0
299.78,7.75,7.23,6.64,0,0,31.86,0
301.74,7.88,7,6.7,0,0,10.63,0
343.66,8.05,7.25,6.73,0,0,13.3,0
307.4,7.46,6.77,6.71,0,0,24.79,0
320.98,7.67,7.48,6.66,0,0,18.97,0
416.4,7.25,7.02,6.72,0,0,70.84,0
459.7,6.95,7.51,6.65,0,0,87.04,0
323.57,9.88,7.48,6.79,0,0,73.64,0
363.91,7.42,7.07,6.71,0,0,26.63,0
337.12,7.22,7.16,6.67,0,0,27.42,0
397.85,7.18,7.22,6.63,0,0,30.17,0
389.39,6.68,6.57,6.63,0,0,42.95,0
494.82,7.48,7.25,6.65,0,0,15.66,0
435.16,6.78,6.69,6.59,0,0,19.28,0
0,0,0,0,0,0,0,0
0,0,0,0,0,0,0,0
0,0,0,0,0,0,0,0
0,0,0,0,0,0,0,0
736.65,7.72,7.78,6.78,0,0,7.69,0
458.74,7.16,7.56,6.59,0,0,16.57,0
329.78,7.09,7.12,6.62,0,0,19.99,0
327.96,6.93,7.01,6.66,0,0,21.38,0
324.85,6.88,7.14,6.58,78.94,0,24.86,0
405.77,6.99,7.48,6.61,73.18,0,18.92,0
455.85,7.46,7.57,6.68,74.14,0,12.41,0
451.68,8.02,7.96,6.7,81.49,0,14.93,0
374.41,7.68,7.83,6.58,78.86,0,32.43,0
372.42,7.38,7.8,6.62,79.64,0,9.19,0
351.87,7.12,7.63,6.69,78.24,0,30.11,0
401.4,7.39,7.44,6.64,57.42,0,22.78,0
378,7.29,7.74,6.56,56.21,0,15.96,0
343.69,7.04,7.16,6.68,61.97,0,22.77,0
410.45,7.15,6.87,6.66,71.8,0,98.28,0
639.27,7.3,6.89,6.74,20.33,0,47.56,0
405.92,7.21,7.22,6.74,39.02,0,35.61,0
336.43,6.48,7.14,6.67,108.81,0,26.77,0
0,0,0,0,0,0,0,0
0,0,0,0,0,0,0,0
593.11,7.58,8.06,6.74,94.91,0,14.8,0
516.6,7.43,7.91,6.7,101.78,0,9.46,0
499.83,7.43,7.86,6.61,84.54,0,10.01,0
497.73,7.29,7.86,6.69,99.57,0,7.94,0
471.82,7.18,7.67,6.67,99.4,0,15.62,0
295.2,7,7.28,6.62,66.55,0,19.7,0
352.4,7.12,7.32,6.68,78.4,0,14.77,0
254,6.77,7.39,6.61,49.23,0,9.91,0
115.29,6.81,7.58,6.63,46.48,0,7.49,0
271.18,7.44,7.74,6.61,47.37,0,7.97,0
489.94,7.57,7.75,6.66,62.33,0,13.99,0
374.36,7.03,7.48,6.68,52.35,0,16.82,0
464.4,6.92,7.38,6.88,24.9,0,8.91,0
0,0,0,0,0,0,0,0
255.5,6.51,7.11,6.68,94.95,0,37.44,0
0,0,0,0,0,0,0,0
501.98,7.77,7.77,6.73,89.86,0,83.41,0
369.99,7.14,7.7,6.63,71.83,0,49.85,0
289.32,6.97,7.1,6.68,49.53,0,19.93,0
362.84,7.23,7.85,6.68,116.21,0,21.35,0
362.71,7.01,7.36,6.71,70.47,0,16.38,0
419.99,7.12,7.54,6.71,79.27,0,18.3,0
489.93,7.09,7.76,6.64,53.79,0,16.43,0
409.58,7.82,8.07,6.71,66.85,0,17.38,0
494.93,7.81,7.89,6.68,92.84,0,29.06,0
559.42,7.6,7.73,6.7,73.3,0,27.53,0
599.53,8.08,8.01,6.73,76.26,0,62.7,0
496.23,7.64,7.8,6.66,86.82,0,26.99,0
531.36,7.77,7.77,6.74,85.18,0,8.68,0
333.29,9.98,12.16,6.16,63.72,0,14.84,0
273.6,9.88,10.9,6.26,64.15,0,112.67,188.93
210.33,10.49,11,6.31,58.64,0,29.6,134.27
242.64,10.68,11.2,6.36,82.82,0,12.55,154.6
262,10.94,11.49,6.42,83.68,0,12.37,165.48
305.53,10.72,11.7,6.33,86.05,0,19.41,183.3
280.96,9.84,10.8,6.27,101.57,0,58.79,154.77
156.75,9.75,10.82,6.25,49.95,0,117.7,96.79
179.06,10.02,10.57,6.37,57.07,0,50.63,107.36
203.56,10.02,10.67,6.36,75.31,0,41.44,121.15
190.23,9.94,10.46,6.35,53.41,0,34.48,115.59
206.05,9.98,10.39,6.25,72.02,0,90.5,115.65
223.03,9.78,10.65,6.33,79.05,0,40.46,126.8
219.79,10.17,10.67,6.34,70.7,0,51.95,112.87
283.94,9.92,10.78,6.35,94.69,0,33.31,159.52
227.01,9.72,10.21,6.37,113.89,0,31.6,128.95
217.54,9.6,10.32,6.3,85.12,0,41.79,120.49
191.49,9.44,10.2,6.35,104.23,0,30.5,101.39
178.09,9.47,10.24,6.35,70.22,0,16.47,104.31
112.94,9.73,10.02,6.32,40.94,0,34.92,73.38
120.77,9.49,10.07,6.3,43.57,0,38.16,72.5
107.75,9.67,10.1,6.28,38.71,0,46.67,58.01
154.05,10.38,10.44,6.4,63.05,0,27.33,78.67
237.53,10.14,10.34,6.34,86.71,0,29.24,128.91
211.5,10.33,10.29,6.41,81.88,0,11.09,115.85
183.31,9.54,10.29,6.33,86.54,0,14.27,90.45
206.11,9.74,10.08,6.38,95.64,0,14.28,101.24
175.53,9.5,9.92,6.34,90.53,0,16.22,94.45
172.7,9.08,10.02,6.31,92.99,0,18.22,99.15
194.84,9.64,10.13,6.33,87.6,0,14.88,98.35
240.23,9.53,10.26,6.29,143.18,0,15.21,120.04
207.87,9.6,10.6,6.27,120.93,0,19.22,119.86
118.18,9.25,10.25,6.26,0,0,23.65,63.67
135.87,9.41,10.13,6.28,0,0,15.6,70.69
159.39,9.44,10.31,6.31,0,0,12.17,87.84
156.29,9.71,10.17,6.35,110.34,0,14.91,88.77
193.27,9.54,10.27,6.3,94.17,0,15.14,110.04
180.98,9.47,10.09,6.33,63.78,0,16.15,99.71
154.32,9.17,9.79,6.3,0,0,15.56,87.68
38.22,9.17,9.74,6.3,0,0,17.01,24.36
77,9.03,9.74,6.33,0,0,22.83,42.94
106.23,9.05,9.68,6.33,0,0,22.06,60.71
208.39,9.75,10.09,6.44,0,0,101.79,103.42
177.8,9.56,10.12,6.28,0,0,20.38,88.49
189.96,9.86,10.08,6.29,0,0,35.37,91.65
229.45,10.01,10.11,6.31,0,0,23.31,117.16
133.98,9.18,9.5,6.31,0,0,70.9,71.94
122.4,8.98,9.51,6.33,0,0,23.44,59.43
71.06,9.23,9.43,6.32,22.73,0,14.81,42.66
109.89,9.01,9.59,6.29,18.79,0,14.88,59.8
71.17,9.1,9.33,6.33,7.26,0,6.43,31.32
63.14,9.01,9.33,6.37,6.2,0,55.42,13.75
84.37,9.61,9.5,6.34,8.06,0,121.81,47.96
144.51,9.39,9.58,6.4,14.25,0,57.53,81.84
148.44,9.17,9.23,6.36,15.52,0,39.03,84.33
130.36,9.11,9.28,6.36,13.62,0,13.76,73.38
147.84,9.33,9.35,6.35,13.4,0,15.24,82.14
135.18,9.33,9.38,6.34,12.52,0,18.19,83.32
83.44,9.32,9.77,6.33,7.62,0,22.74,45.71
105.95,9.13,9.72,6.31,8.8,0,19.56,58.18
141,9.35,9.93,6.29,12.34,0,16.13,70.16
204.06,9.48,10.07,6.33,20.6,0,16.27,105.7
160.88,9.38,9.79,6.32,12.97,0,19.84,85.72
170.71,9.64,10.17,6.29,15.89,0,16.12,89.39
223.59,9.99,9.87,6.39,15.72,0,19.26,111.64
127.86,9.23,10.12,6.36,8.2,0,21.82,68.43
93.68,9.06,10.34,6.3,8.78,0,13.05,49.09
77.38,9.24,9.9,6.23,8.18,0,29.74,41.86
106.11,8.98,9.69,6.31,7.89,0,32.16,58.48
73.71,9.22,9.68,6.32,7.86,0,16.64,39.64
115.85,9.21,9.65,6.24,9.34,0,21.99,60.21
127.4,9.19,9.61,6.32,11.47,0,29.23,67.36
130.91,8.89,9.66,6.26,10.57,0,119.41,69.85
89.96,9.32,9.51,6.31,9.11,0,21.22,38.27
95.85,8.86,9.4,6.31,6.72,0,21.96,46.01
142.23,9.08,9.41,6.31,10.34,0,20.51,62.18
160.4,9.01,9.49,6.29,9.96,0,25.23,70.44
199.79,9.19,9.95,6.21,10.28,0,12.18,83.63
118.6,9.11,9.74,6.29,11.19,0,21.74,55.67
154.69,9.23,9.76,6.32,15.89,0,19.37,70.81
173.35,9.01,9.68,6.29,11.38,0,27.05,102.34
0,0,0,0,0,0,0,0
0,0,0,0,0,0,0,0
88.86,10.77,10.55,6.31,6.61,0,8.18,53.68
115.86,9.13,9.55,6.29,13.68,0,17.96,54.41
167.25,8.96,9.74,6.32,11.74,0,18.17,79.44
125.08,9.06,9.78,6.25,8.91,0,11.28,59.89
111.64,8.89,9.53,6.32,4.29,0,4.41,57.56
102.32,9.04,9.49,6.3,4.59,0,7.83,56.37
75.3,9.02,9.58,6.25,8.32,0,15.38,39.6
70.71,8.78,9.37,6.28,7.4,0,14.89,41.18
100.89,9.06,9.51,6.28,9.76,0,15.02,53.59
93.33,8.97,9.52,6.33,7.65,0,9.02,50.11
131.83,8.83,9.69,6.29,6.84,0,11.26,71.05
113.93,9.1,9.59,6.25,4.27,0,16.8,60.41
116.83,9.15,9.47,6.25,9.07,0,27.28,56.34
104.24,8.9,9.46,6.27,5.4,0,38.66,49.87
127.44,9.03,9.38,6.3,4.58,0,53.15,61.75
145.55,9.14,9.29,6.3,4.94,0,56.93,70.99
251.41,8.9,9.38,6.27,7.41,0,126.94,78.78
96.01,9.15,9.36,6.3,8.33,0,60.67,44.65
67.28,8.91,9.19,6.39,5.72,0,59.66,32.83
75.45,9,9.14,6.28,6.83,0,63.96,34.58
111.95,8.87,9.29,6.32,10.35,0,30.26,47.7
83.16,8.91,9.49,6.3,9.63,0,24.41,47.59
75.67,8.96,9.51,6.35,9.77,0,14.19,41.96
92.4,9.18,9.78,6.29,10.1,1.84,19.32,0
70.33,9.18,9.53,6.26,5.89,1.71,20.83,0
91.98,9.11,9.73,6.21,6.01,1.91,45.32,0
115.11,8.97,9.57,6.3,3.94,1.67,100.07,0
169.35,8.32,8.42,6.51,6.8,2.09,62.36,0
229.86,7.95,7.76,6.57,14.16,2.44,55.23,0
100.4,7.83,7.59,6.61,4.99,1.72,44.5,0
58.89,7.86,7.43,6.63,5.44,1.39,43.91,0
40.47,7.81,7.71,6.52,5.61,1.48,33.04,0
43.84,7.88,7.68,6.58,4.18,1.56,29.3,0
36.14,7.92,7.38,6.59,4.41,1.53,10.47,0
62.49,7.63,7.64,6.54,5.03,1.44,19.5,0
121.35,8,7.69,6.49,9.85,1.73,35.56,0
155.61,8.06,7.76,6.58,14.16,2.43,103.83,0
180.63,7.98,7.6,6.61,12.08,1.92,70.74,0
192.93,7.85,7.45,6.59,12.97,1.58,65.68,0
195.61,8.01,7.59,6.57,0,1.94,41.61,0
191.53,8.06,7.52,6.6,0,2.02,34.16,0
145.9,8.02,7.35,6.7,0,1.96,47.99,0
160.13,7.95,7.53,6.61,8.92,1.92,85.02,0
71.48,7.81,7.33,6.59,5.07,1.79,31.31,0
83.94,7.77,7.49,6.6,7.4,1.76,26.71,0
48.14,8.05,8.03,6.43,12.53,1.59,10.85,0
97.05,7.93,7.8,6.61,0,3.36,16.3,0
92.43,7.99,7.52,6.62,14.91,2.02,28.61,0
80.11,7.98,7.66,6.59,12.67,2.43,28.86,0
70.76,8,7.68,6.61,5.81,1.47,60.94,0
70.97,7.74,7.68,6.55,7.91,1.68,141.85,0
60.34,7.75,7.56,6.58,5.02,1.48,65.98,0
54.02,7.74,7.42,6.65,8.53,1.59,35.52,0
60.92,7.71,7.42,6.63,5.12,1.74,43.79,0
68.35,7.93,7.59,6.6,10.96,1.68,22.72,0
0,0,0,0,0,0,0,0
88.18,8.24,8.05,6.66,10,2.25,13.15,0
87.95,8.15,7.69,6.57,15.09,1.28,33.86,0
50.78,7.88,7.25,6.62,11.34,1.53,33.27,0
61.62,7.9,7.13,6.54,13.95,1.49,37.57,0
66.48,7.92,7.81,6.54,8.81,1.33,43.49,0
39.25,0,0,0,27.93,1.95,32.5,0
76.32,7.59,7.46,6.49,6.47,1.45,10.3,0
244.56,11.42,7.12,6.43,46.16,0.63,12.71,0
0,0,0,0,0,0,0,0
0,0,0,0,0,0,0,0
0,0,0,0,0,0,0,0
0,0,0,0,0,0,0,0
0,0,0,0,0,0,0,0
0,0,0,0,0,0,0,0
0,0,0,0,0,0,0,0
0,0,0,0,0,0,0,0
0,0,0,0,0,0,0,0
0,0,0,0,0,0,0,0
0,0,0,0,0,0,0,0
0,0,0,0,0,0,0,0
0,0,0,0,0,0,0,0
0,0,0,0,0,0,0,0
0,0,0,0,0,0,0,0
0,0,0,0,0,0,0,0
0,0,0,0,0,0,0,0
0,0,0,0,0,0,0,0
0,0,0,0,0,0,0,0
0,0,0,0,0,0,0,0
0,0,0,0,0,0,0,0
0,0,0,0,0,0,0,0
0,0,0,0,0,0,0,0
0,0,0,0,0,0,0,0
0,0,0,0,0,0,0,0
0,0,0,0,0,0,0,0
0,0,0,0,0,0,0,0
0,0,0,0,0,0,0,0
0,0,0,0,0,0,0,0
0,0,0,0,0,0,0,0
0,0,0,0,0,0,0,0
0,0,0,0,0,0,0,0
0,0,0,0,0,0,0,0
0,0,0,0,0,0,0,0
0,0,0,0,0,0,0,0
0,0,0,0,0,0,0,0
0,0,0,0,0,0,0,0
0,0,0,0,0,0,0,0
116.27,9.28,10.55,6.09,7.68,1.1,15.36,0
25.44,8.41,8.95,6.29,3.78,1.3,6.21,0
33.84,8.54,9.04,6.31,8.01,1.25,8.73,0
40.67,8.72,8.99,6.29,4.62,1.29,12.24,0
39.92,8.62,9.14,6.27,7.39,1.55,13.62,0
45.48,8.36,9.42,6.24,5.65,1.48,45.67,0
43.26,8.77,9.45,6.26,6.95,1.92,44.88,0
34.17,8.46,9.38,6.26,5.32,1.21,14.25,0
36.07,8.68,9.36,6.27,4.65,1.29,4.6,0
28.23,8.53,8.95,6.29,4.66,1.15,5.47,0
30.83,8.57,9.16,6.24,3.95,1.43,7.19,0
25.86,8.61,9.17,6.29,4.63,1.5,0,0
28.88,8.57,9.66,6.18,5.97,1.55,110.63,0
38.14,8.57,9.41,6.25,4.86,1.46,80.03,0
29.58,8.68,9.43,6.26,4.47,1.69,78.38,0
24.02,8.83,9.37,6.27,4.87,1.88,61.97,0
0,0,0,0,0,0,0,0
26.08,8.64,9.38,6.25,4.32,1.28,65.26,0
23.15,8.69,9.39,6.26,5.44,1.37,15.82,0
23.48,8.72,9.11,6.34,4.13,1.15,3.5,0
27.27,8.67,9.36,6.3,3.9,1.37,3.87,0
36.65,8.61,9.42,6.26,5.96,1.47,5.03,0
38.3,8.48,9.23,6.29,5.06,1.62,5.41,0
32.12,8.51,9.41,6.21,4.46,1.4,6.12,0
25.64,8.46,9.07,6.28,5.14,1.65,11.24,0
32.51,8.83,9.15,6.29,4.7,2.14,3.4,0
17.92,8.57,9.41,6.21,4.94,1.27,3.14,0
17.43,8.63,9.16,6.3,4.76,1.58,2.94,0
19.86,8.73,9.24,6.31,4.75,1.93,3.53,0
17.62,8.86,9.35,6.28,5.93,2.69,5.17,0
2.48,8.57,9.27,6.29,7.68,1.89,6.8,0
20.33,8.78,9.41,6.24,7.48,2.13,5.11,0
34.41,8.67,9.45,6.26,5.34,1.44,8.35,0
24.22,8.7,9.36,6.21,4.31,1.67,4.9,0
23.69,8.6,9.38,6.24,4.46,1.19,4.53,0
28.43,8.69,9.32,6.26,7.91,1.87,5.48,0
34.27,8.57,9.32,6.3,4.66,1.67,26.28,0
26.91,8.65,9.32,6.25,4.36,2.24,8.56,0
29.94,8.86,9.32,6.28,4.76,1.5,5.85,14.08
27.11,8.69,9.44,6.27,5.12,1.96,8.44,14
38.19,8.66,9.48,6.26,4.54,2.34,8,19
30.38,8.72,9.32,6.27,3.63,1.85,12.75,17.52
28.29,8.72,9.43,6.23,3.77,1.96,6.73,11
27.01,8.77,9.46,6.22,3.68,2.08,17.85,11
22.23,8.62,9.33,6.26,3.54,1.99,17.01,11
27.18,8.82,9.38,6.25,3.6,1.8,5.61,11
30.1,8.64,9.22,6.34,3.58,1.88,6.05,11
24.44,8.74,9.45,6.3,3.62,1.92,7.62,11
35,8.81,9.38,6.32,3.78,1.99,6.38,11
26.42,8.75,9.44,6.25,3.51,1.74,6.06,11
35.59,8.67,9.46,6.2,4.5,1.96,5.61,11
30.94,8.91,9.12,6.33,3.85,2.26,8.03,11
37.08,8.87,9.39,6.23,3.71,2.24,7.59,11
27.19,8.85,9.46,6.26,3.56,2.05,4.62,11
24.86,8.83,9.39,6.27,3.78,2.17,5.77,11
17.33,8.96,9.23,6.33,3.66,1.79,6.6,11
23.46,8.85,9.28,6.29,3.53,1.76,40.58,11
20.15,8.79,9.21,6.31,3.49,1.65,5.07,11
20.94,8.81,9.5,6.23,4.04,1.7,5.93,11
23.45,8.7,9.24,6.26,3.49,1.08,5.44,12.26
28.72,8.69,9.22,6.29,3.45,0,5.28,15
29.71,8.53,9.19,6.33,3.41,0,37.43,15
36.09,8.96,9.35,6.28,3.24,0,82.14,15
28.75,8.76,9.28,6.27,3.55,0,5.27,15
29.84,8.9,9.25,6.31,3.61,0,4.82,15
35.29,8.9,9.21,6.27,3.5,0,7.93,15
70.94,8.67,9.25,6.3,3.5,0,12.53,15
26.07,8.87,9.19,6.27,3.77,0,19.46,17.7
32.6,9.06,9.38,6.28,3.56,0,4.4,42.13
47.9,9.06,9.18,6.3,3.53,0,3.64,49.32
29.4,9.09,9.23,6.3,4.05,0,4.78,36.5
65,8.76,9.17,6.28,4,0,5.82,65
34,8.57,9.43,6.19,5.05,0,9.94,51.3
72.98,8.89,9.47,6.3,5.7,0,5.77,54.12
63.41,8.76,9.44,6.26,3.72,0,3.27,45.22
61.98,9,9.42,6.24,3.31,0,3.04,41.26
59.9,8.82,9.28,6.28,3.53,0,3.12,35.78
59.33,8.86,9.34,6.29,3.42,0,7.09,34.58
62.35,8.83,9.14,6.27,3.58,0,3.62,43.71
64.09,8.75,8.94,6.3,3.48,0,3.35,35.49
54.5,8.71,9.02,6.3,3.71,0,8.51,27.55
0,0,0,0,0,0,0,0
0,0,0,0,0,0,0,0
65.59,8.71,9.16,6.31,4.73,0,51.9,38.6
57.84,8.97,8.98,6.35,4.54,0,18.88,43.79
65.54,8.86,9.3,6.28,5.09,0,58.59,57.37
68.5,8.7,9.26,6.27,4.18,0,20.82,55.6
64.6,8.7,9.11,6.3,5.27,0,131.3,49.93
62.61,8.69,9.01,6.26,4.8,0,63.9,40.32
62.44,8.94,9.3,6.31,5.62,0,0,43.09
67.44,9.17,9.21,6.31,5.52,0,0,41.25
74.8,9.15,9.43,6.34,5.48,0,52.66,53.96
63.23,8.84,9.17,6.3,5.47,0,40.07,54.42
69.61,8.89,9.19,6.28,5.54,0,38.07,45.89
64.91,8.92,9.35,6.27,8.3,0,45.62,61.91
74.39,9.06,9.34,6.31,7.16,0,22.29,73.44
65.23,9,9.35,6.34,9.2,0,20.85,79.87
56.65,9.18,9.35,6.28,6.69,0,33.86,68.83
67.73,8.52,9.34,6.29,6.09,0,21.94,45.63
95.99,8.96,9.62,6.21,6.7,0,130.28,59.19
100.37,8.75,9.33,6.3,5.64,0,71.93,46.38
90.27,8.75,9.09,6.27,4.57,0,48.1,32.34
99.51,9.08,9.28,6.32,6.23,0,50.27,53.91
103.91,8.87,9.51,6.32,6.68,0,43.49,64.4
99.47,8.85,9.13,6.32,4.72,0,53.41,34.43
92.62,8.67,9.31,6.21,4.95,0,31.48,27.47
88.89,8.85,9.15,6.29,4.52,0,17.18,23.18
103.19,9.1,9.2,6.36,6.5,0,18.65,51.07
91.99,8.94,9.39,6.32,6.51,0,21.77,53.09
108.57,8.86,9.07,6.33,4.97,0,46.58,58.95
95.04,8.66,8.95,6.3,4.5,0,95.54,54.21
103.43,8.59,9.13,6.28,4.92,0,47.41,70.4
102.21,8.73,8.85,6.32,4.91,0,26.31,69.54
96.76,8.65,8.93,6.32,5.21,0,25.8,63.91
114.31,8.8,9.04,6.34,4.59,0,25.91,85.61
115.72,8.78,8.99,6.32,4.46,0,45.55,80.72
111.83,8.75,8.95,6.27,4.98,0,35.08,78.92
108.54,8.77,9.19,6.31,5.3,0,47.77,74.34
125.45,9.08,9.84,6.33,6.46,0,98.56,90.08
112.24,8.75,9.58,6.26,6.08,0,93.99,78.92
97.47,8.73,9.24,6.3,5.83,0,69.49,43.86
98.56,8.74,9.17,6.3,6.07,0,54.95,43.32
121.15,8.64,9.03,6.32,5.08,0,52.05,53.05
111.31,8.95,9.12,6.31,6.09,0,70.71,63.78
207.92,8.81,9.51,6.26,10.04,0,54.52,78.73
168.14,8.82,9.33,6.33,0,0,58.03,89.47
168.34,8.78,9.21,6.3,0,0,61.09,84.12
162.49,8.74,9.3,6.29,0,0,63.25,80.33
164.59,8.97,9.33,6.37,23.57,0,55.29,76.01
174.9,8.69,9.47,6.28,27.67,0,68.5,94.25
154.86,8.65,9.45,6.29,22.54,0,57.62,83.56
185.77,9.15,9.68,6.3,30.63,0,55.16,100.62
207.41,8.7,9.53,6.27,28.99,0,49.76,161.31
126.37,8.86,9.74,6.32,24.07,0,56.35,0
186.02,8.8,9.66,6.32,23.97,0,55.42,0
228.51,9.02,9.66,6.26,25.79,0,57.11,118.55
230.63,8.9,9.83,6.31,30,0,64.99,143.1
249.1,8.88,9.54,6.32,26.07,0,45.42,121.95
278.65,8.69,9.57,6.34,32.02,0,57.2,136.16
263.07,8.78,9.36,6.3,26.54,0,45.82,109.66
208.88,8.39,9.34,6.31,26.47,0,58.18,101.59
183.67,8.64,9.01,6.32,26.71,0,46.07,85.49
151.96,8.47,9.01,6.38,21.56,0,55.1,73.7
164.02,8.66,9.31,6.39,24.92,0,44.61,81.01
177.21,8.57,9.38,6.29,22.61,0,27.14,87.1
184.91,8.66,9.42,6.29,27.54,0,60.93,92.01
183,8.54,9.3,6.36,24.02,0,27.26,87.69
203.18,9.3,9.76,6.37,32.39,0,40.96,97.79
236.62,9.05,9.46,6.37,25,0,21.26,97.29
237.03,8.49,9.32,6.33,34.94,0,30.47,102.44
216.74,8.68,9.45,6.38,37.65,0,64.77,92.7
217.9,8.66,9.48,6.38,29.12,0,27.6,96.14
234.74,8.52,9.52,6.35,31.5,0,78.12,105.9
243.66,8.57,9.58,6.34,37.92,0,74.88,115.19
253.62,8.54,9.61,6.36,36.09,0,55.96,137.94
183.42,8.54,9.56,6.31,25.42,0,43.95,97.35
163.76,8.59,8.8,6.42,29.29,0,47.02,76.79
109.41,8.45,8.88,6.42,27.18,0,46.46,57.01
94.33,8.21,8.54,6.34,20.51,0,51.41,59.52
150.2,8.39,8.93,6.37,24.03,0,57.14,111.88
140.3,8.54,9,6.37,23.03,0,53.99,64.19
184.12,8.66,9.25,6.44,20.72,0,62.35,73.72
217.07,8.79,9.43,6.41,18.72,0,72.54,70.13
265.93,8.73,9.38,6.37,22.46,0,61.94,79.71
295.87,8.61,9.39,6.39,25.51,0,43.48,93.55
262.97,8.53,9.54,6.4,29.57,0,34.27,84.2
239.34,8.55,9.34,6.41,24.16,0,42.79,74.58
207.79,8.41,9.23,6.42,26.31,0,47.83,93.12
176.13,9.8,9.28,6.44,21.19,0,44.58,81.73
165.99,8.78,9.57,6.32,18.74,0,25.48,73.77
168.07,9.01,9.14,6.43,24.18,0,28.89,64.46
186.39,8.87,9.16,6.43,24.61,0,23.72,71.97
214.3,9.32,9.35,6.45,26.73,0,22.02,78.34
183.78,8.9,8.86,6.44,25.97,0,17.36,64.74
139.76,8.78,8.84,6.49,25.67,0,15.99,62.82
105.29,8.8,8.98,6.4,22.61,0,15.61,41.84
137.48,8.87,9.07,6.45,23.59,0,14.61,53.31
103.32,8.59,8.48,6.5,22.18,0,26.17,39.62
167.28,8.89,8.78,6.51,24.35,0,23.92,54.61
215.44,8.97,9.23,6.48,25.42,0,25.67,70.91
260.15,8.91,9.4,6.46,31.79,0,75.4,83.3
177.89,8.78,8.83,6.51,29.65,0,155.17,65.66
128.41,8.65,8.54,6.5,23.1,0,122.14,47.05
121.77,8.82,8.7,6.42,23.85,0,75.03,52.99
128.32,8.95,8.76,6.48,24.87,0,79.9,50.75
177.99,8.69,9.15,6.45,22.27,0,62.36,70.05
235.61,8.95,9.42,6.42,36.38,0,60.8,80.77
277.42,8.92,9.38,6.43,42.81,0,53.4,71.97
259.02,8.7,9.05,6.45,30.18,0,52.7,74.84
205.22,8.85,8.87,6.51,29.21,0,47.89,61.68
182.21,8.8,8.74,6.44,24.2,0,65.25,59.22
138.15,8.56,8.4,6.46,22.55,0,77.61,49.65
111.01,8.66,8.4,6.5,24.21,0,68.11,47.1
188.24,8.96,9.02,6.46,36.41,0,44.55,65.92
254.57,8.67,9.07,6.43,36.6,0,49.35,81.08
193.4,8.27,7.85,6.62,26.33,0,52.06,74.04
137.26,7.93,6.96,6.73,22.11,0,50.16,58.26
154.27,7.93,6.62,6.79,25.43,0,47.62,48.26
150.75,7.46,6.26,6.74,21.98,0,56.25,49.09
145.31,7.48,6.32,6.73,23.34,0,57.1,52.93
309.38,7.78,6.64,6.69,41.75,0,53.54,76.51
214.66,7.73,6.23,6.74,28.53,0,41.88,78.09
202.79,7.43,6.2,6.78,27.22,0,57.16,75.38
134.78,7.91,7.19,6.59,20.05,0,65.6,73.04
142.93,7.79,7.1,6.65,27.99,0,52.68,54.36
118.59,7.53,6.65,6.72,20.26,0,51.33,49.08
156.1,7.75,6.77,6.76,28.71,0,51.73,53.57
216.1,7.67,7,6.63,36.39,0,51.72,66.78
190.03,7.66,6.91,6.7,28.99,0,49.37,62.18
138.67,7.5,6.8,6.72,27.43,0,78.72,46.21
200.46,7.79,6.8,6.7,29.44,0,49.92,76.58
0,0,0,0,0,0,0,0
0,0,0,0,0,0,0,0
166.61,26.48,7.31,10.07,28.34,0,41.88,84.93
152.46,22.99,11.62,8.81,23.93,0,34.67,87.44
144.36,24.24,11.07,8.65,21.3,0,38.68,78.78
194.72,22.58,11.67,8.67,30.88,0,40.75,98.2
234.31,24.4,11.76,8.95,29.28,0,30.3,83.85
132.59,21.23,10.7,8.83,27.5,0,38.18,54.67
138.08,24.12,9.42,10.18,27.97,0,39.02,57.75
180.03,24.63,10.97,9.02,26.84,0,40.3,80.72
182.72,23.14,10.31,8.99,31.72,0,44.65,85.41
295.43,23.09,10.58,8.67,43.5,0,41.83,97.23
291.68,25.32,11.49,9.31,43.2,0,123.12,121.51
227.04,23.91,10.94,9.36,41.85,0,79.1,92.75
210.6,25.19,11.44,8.83,31.31,0,57.47,102.57
163.45,27.62,11.57,9,38.7,0,51.67,75.19
132.73,27.84,12.24,8.55,28.71,0,37.57,62.96
108.09,25.75,10.95,9.1,20.88,0,44.77,58.46
118.78,23.52,11.18,9.39,35.83,0,40.87,65.52
118.04,24.35,10.7,9.11,27.84,0,37.59,60.93
150.72,23.82,11.43,9.39,33.89,0,40.6,75.94
169.13,27,11.17,8.85,35.45,0,42.45,88.38
198.7,25.34,10.34,9.33,39.56,0,38.2,97.45
184.15,25.24,10.48,9.36,37.82,0,39.87,96.71
260,24.52,10.36,9.04,38.28,0,36.79,95.3
101.12,26.07,10.52,9.31,27.68,0,35.83,53.79
93.27,23.85,10.19,8.95,31.8,0,25,39.46
0,24.02,9.85,9.32,25.17,0,25.15,30.3
0,23.08,10.04,9.23,25.92,0,21.8,0
0,24.88,10.17,9.23,22.17,0,27.68,0
0,24.85,11.08,8.97,30.92,0,35.42,0
0,24.64,13.28,8.98,36.41,0,34.62,0
0,25.09,10.8,8.79,35.33,0,25.03,0
0,22.54,9.88,9.41,34.8,0,25.28,0
0,25.04,11.77,8.99,34.96,0,32.92,0
0,24.59,11.73,9.26,23.91,0,59.86,0
0,26.71,12.25,9.25,33.25,0,22.02,0
219.74,25.19,10.79,8.72,30.84,2.07,39.35,71.64
114.63,26.1,11.99,8.68,31.92,2.18,84.33,43.66
71.51,23.54,10.41,9.09,20.37,1.41,116.02,30.28
90.94,25.8,11.57,9.55,30.37,1.99,110.15,32.55
81.22,23.46,10.15,8.55,38.06,2.87,82.57,54.1
102.08,23.84,9.29,9.05,41.72,3.19,49.45,84.13
87.15,26.83,11.46,8.83,43.76,2.82,56.76,84.8
91.8,25.77,10.04,9.18,38.22,2.43,66.95,82.62
93,22.47,10.69,8.74,31.4,2.2,47.8,90.55
87.82,22.77,10.54,9.33,29.7,2.1,58.56,70.41
69.19,23.38,10.43,9.25,23.06,1.48,83.55,36.56
70.99,23.29,9.99,9.06,30.41,1.45,75.49,52.63
71.74,24.1,9.91,9.21,22.72,1.24,52.84,52.53
52.37,22,9.87,9.12,20.05,0.98,62.34,42.84
62.24,23.79,9.64,9.14,22.83,1.24,42.64,44.86
83.21,26.13,10.79,8.93,38.02,2.33,38.03,58.27
100.99,25.48,10.74,9.24,42.32,2.45,38.39,71.73
114.57,24.52,11.36,9.26,45.88,2.79,56.16,81.62
97.8,24.51,10.95,9.23,27.12,1.77,47.91,53.18
122.84,24.88,10.47,9.3,42.19,2.57,95.49,74.82
103.46,23.74,11.53,8.77,43.59,2.61,89.05,53.29
95.5,24.07,11.57,9.14,25.69,1.82,47.26,62.8
121.49,24.48,11.13,9.1,41.36,2.56,37.53,81.69
108.79,26.86,10.66,8.8,27.42,1.41,48.98,52.76
95.31,26.16,11.3,8.86,29.18,1.6,40.59,47.89
124.82,24.27,11.19,8.94,42.96,2.13,42.76,75.38
128.57,25.78,11.05,8.95,34.8,2.09,53.29,72.57
121.48,23.83,11.74,9.1,41.34,1.92,66.15,59.55
125.38,25.16,11.79,8.79,35.62,2.11,53.2,52.47
123.57,23.12,12.09,8.93,41.4,2.21,37.89,50.18
117.99,24.08,11.33,9.26,31.34,1.74,29.32,46.14
108.11,24.39,11.23,8.45,27.13,1.51,64.39,28.04
118.68,24.62,11.18,8.91,32.62,2,67.58,40.8
128.37,29.23,10.26,9.47,35.09,1.97,0,43.17
106.9,21.84,9.6,8.62,28.57,1.51,0,28.18
105.78,26.39,10.71,9.13,31.62,1.61,0,24.57
86.64,23.98,11.71,8.95,28.8,1.76,0,17.82
96.39,24.68,10.73,9.38,25.07,1.74,0,16.24
107.9,25.64,12.17,9.07,32.9,2.18,19.83,27.15
92.44,25.22,12.1,8.79,26.99,1.22,34.62,16.47
87.73,25.17,11.64,8.85,31.28,1.29,26.98,13.09
94.38,24.83,10.74,9.29,28.3,1.27,23.92,21.87
94.52,24.4,10.69,9.55,25.31,0.96,27.88,19.6
88.76,24.84,11.84,8.93,23.44,0.86,25.7,12.2
98.95,25.23,10.7,9.07,28.01,0.88,28,19.15
115.25,25.99,10.07,9.16,34.61,0.96,28.91,40.08
98.13,24.15,9.95,9.19,23.83,0.75,33.54,37.56
88.53,25.57,10.97,9.12,22.17,0.92,37.81,26.68
98.37,24.45,10.68,9.34,22.86,1.24,50.97,32.88
121.82,25.02,9.72,9.66,26.36,1.3,57.04,35.02
138.77,23.74,10.39,9.34,25.6,1.5,86.38,26.04
121.69,24.88,10.08,8.87,25.65,1.43,36.15,13.61
129.44,24.81,10.26,9.2,24.13,1.42,41.64,14.79
105.14,23.82,10.11,9.05,29.61,1.33,34.12,33.64
101.4,23.27,9.63,9.39,31.34,1.34,48.14,62.88
95.52,23.9,10.68,8.76,28.71,1.24,123.18,47.68
82.21,25.31,10.73,9.02,22.23,1.26,77.61,39.36
85.19,24.47,11.91,8.96,26.25,1.28,53.1,60.17
78.25,24.62,11.56,8.86,24.85,1.15,65.91,54.33
83.71,25.88,11.19,9.33,30.78,1.19,48.43,59.23
87.16,24.09,10.42,9.28,29.97,1.07,36.1,64.24
130.27,23.13,10.25,9.06,23.39,0.99,39.25,70.14
160.11,23.35,10.18,8.87,22.74,0.82,40.77,78.11
169.08,24.67,10.16,8.63,27.37,1.03,34.83,83.88
160.26,24.36,10.85,9.03,26.05,0.7,17.98,44.85
149.47,23.53,10.8,8.66,23.68,0.83,26.74,44
138.52,24.06,10.38,9.58,17.62,0.77,26.6,17.69
151.32,24.22,10.09,9.21,21.48,0.79,27.18,38.77
161.32,25.21,10.61,9.17,20.96,0.77,28.16,67.29
161.89,21.98,10.44,9.08,21.42,0.76,29.09,67.57
164.19,24.12,11.12,9.19,22.41,0.58,25.96,52.94
162.59,23.39,10.88,8.76,24.61,0.73,34.98,56.85
167.05,23.65,10.11,9.43,22.1,0.74,61.8,54.64
155.76,24.43,10.06,9.22,22.36,0.96,24.67,48.23
154.1,24.93,9.97,9.41,23.99,0.71,59.99,44.61
161.92,24.51,10.18,9.23,23.37,0.72,24.82,46.64
151.98,24.14,10.39,8.86,23.85,0.65,34.6,32.06
152.34,25.15,11.33,9,21.39,0.43,47.61,30.26
156.44,25.46,11.07,9.09,24.62,0.57,135.58,0
155.02,23.37,12.25,8.79,24,0.48,67.23,0
164.34,24.38,11.34,9.28,30.69,0.42,29.38,0
149.55,25.2,10.58,8.91,18.99,0.38,28.77,0
153.31,25.13,11.14,8.99,25.24,0.43,34.29,0
171.8,24.69,10.95,8.69,34.96,0.44,32.11,0
167.45,25.31,10.04,9.27,28.34,0.47,33,0
169.64,23.47,10.82,8.75,29.91,0.43,32.1,0
159.33,24.84,10.87,9.12,21.08,0.34,26.81,0
161.17,26.48,10.38,9.24,24.26,1.62,18.92,0
106.73,23.37,9.34,9.17,21.59,1.83,17.54,0
72.25,25.1,10.4,8.67,14.92,1.88,15.41,0
74.78,23.99,10.53,9.54,14.39,1.79,15.43,0
69.95,24.33,10.05,9.35,14.88,1.57,15.97,0
72.52,24.47,11.9,8.51,16.85,1.46,16.97,0
68.05,25.09,10.26,9.31,16.15,1.5,20.34,0
67.77,23.43,10.6,8.96,18.15,1.38,24.42,0
73.67,23.53,10.45,9.69,18.08,1.49,29.96,0
85.31,24.56,11.26,9.27,21.12,2.07,20.74,0
75.82,25.5,10.1,9.26,20.37,2.26,17.51,0
75.88,25.92,11.36,9.31,19.71,2.13,66.27,0
74.77,26.17,11.32,8.98,15.58,1.9,78.72,0
70.15,23.6,12.5,8.85,15.78,1.69,24.48,0
74.36,23.73,9.42,9.28,19.39,1.98,32.82,0
70.39,23.95,10.17,9.28,19.87,2.17,99.31,0
73.26,24.03,11.32,8.73,25.61,1.71,84.56,0
74.13,25.16,10.61,8.74,23.44,1.88,72,0
75.82,24.91,12.12,8.68,24.14,1.65,54.55,0
80.91,24.84,10.8,9.09,28.24,1.68,29.93,0
82.04,23.33,9.53,9.44,21.29,1.19,26.61,0
90.7,22.64,10.2,9.27,17.68,1.02,67.57,0
83,24.07,10.38,9.17,13.87,1.6,27.59,0
68.14,27.27,12,9.32,13.18,1.07,72.69,0
71.99,23.58,10.84,9.4,14.62,0.92,21,0
80.12,25.95,9.93,9.54,13.32,0.75,19.15,0
73.72,25.76,11.88,9.14,13.28,0.79,15.61,0
73.23,24.73,11.08,9.07,13.96,0.6,25.59,0
70.15,24.19,10.73,9.03,14.5,0.73,16.89,0
74.55,25.32,10.79,9.24,14.32,0.49,23.89,0
69.9,25.46,10.87,9.34,13.27,1.3,29.06,0
73.64,25.65,10.85,9,13.89,1.9,14.22,0
80.33,28,17.22,8.35,13.35,1.91,25.75,0
83.04,33.55,23.37,7.12,13.99,2.32,17.8,0
73.56,33.91,23.69,6.82,13.56,1.95,14.54,0
64.28,31.67,23.79,7.09,13.5,1.53,14.22,0
67.28,32.36,24.35,6.88,14.56,1.69,14.26,0
75.13,33.82,24.1,6.99,14.51,1.75,16.43,0
73.65,33.38,24.3,6.39,14.02,1.71,19.71,0
72.64,34.69,23.04,7.03,13.88,1.59,17.55,0
48.79,15.69,12.37,6.68,13.78,1.79,18.06,0
21.21,6.86,6.61,6.44,14.32,1.93,15.12,0
30.17,6.96,6.6,6.48,14.5,1.61,16.64,0
24.16,6.82,6.63,6.46,14.07,1.69,15.94,0
33.5,7,6.64,6.44,13.98,1.4,15.41,0
29,6.91,6.6,6.48,14.8,1.47,21.45,0
32.33,6.85,6.73,6.44,14.15,1.4,18.84,0
37.61,6.92,6.68,6.45,18.31,1.87,18.27,0
0,0,0,0,0,0,0,0
0,0,0,0,0,0,0,0
33.21,6.97,6.69,6.48,15.6,1.98,56.3,0
38.8,6.97,6.63,6.47,14.98,1.83,62.62,0
50.47,6.89,6.59,6.46,15.78,1.37,21.49,0
36.22,6.98,6.54,6.5,14.88,1.66,20.94,0
19.95,6.81,6.59,6.48,14.39,1.14,16.91,0
18.47,6.98,6.55,6.48,14.37,1.28,21.7,0
15.98,6.94,6.61,6.45,14.52,1.17,17.57,0
22.37,6.88,6.62,6.48,14.08,1.63,19.36,0
30.7,6.91,6.63,6.46,14.04,1.44,21.44,0
27.62,6.9,6.6,6.48,14.57,1.4,18.02,0
18.4,6.82,6.63,6.47,14.4,1.13,18.24,0
0,0,0,0,0,0,0,0
0,0,0,0,0,0,106.6,0
38.38,6.85,6.62,6.38,19.44,0.84,86.67,0
20.11,6.88,6.62,6.5,16.47,1.31,51.82,0
17.74,6.85,6.56,6.5,14.77,1.27,83.74,0
23.22,6.88,6.58,6.45,14.46,1.66,38.54,0
17.49,6.98,6.61,6.47,13.53,1.28,67.32,0
24.7,6.91,6.67,6.45,12.9,1.25,41.32,0
24.37,6.95,6.62,6.45,14.07,1.22,33.12,0
13.59,6.89,6.68,6.47,14.1,0.96,59.41,0
14.25,6.95,6.59,6.47,12.77,1.01,103.56,0
15.79,6.87,6.62,6.44,12.96,1.05,80.04,0
21.03,6.9,6.65,6.47,14,1.4,78.04,0
16.17,6.97,6.66,6.47,12.9,0.9,44.71,0
11.79,7.08,6.66,6.44,14.53,0.72,15.48,0
0,0,0,0,0,0,0,0
16.53,6.81,6.7,6.46,13.35,0.79,56.23,0
14.98,7.04,6.63,6.48,14.27,0.93,27.04,0
24.24,6.84,6.66,6.45,15.08,1.03,87.74,0
27.99,6.9,6.7,6.44,14.29,1.13,49.69,0
26.53,6.8,6.68,6.48,14.47,0.97,62.74,0
31.41,7.01,6.66,6.46,14.13,0.85,92.57,0
27,7.05,6.72,6.44,14.39,0.83,34.14,0
22.44,6.95,6.68,6.48,14.43,0.63,84.86,0
30.28,6.95,6.68,6.46,14.13,0.63,56.19,0
30.38,6.9,6.64,6.45,14.76,0.89,47.82,0
29.36,6.81,6.66,6.47,15.28,0.73,62.41,0
0,0,0,0,0,0,0,0
0,0,0,0,0,0,0,0
0,0,0,0,0,0,0,0
0,0,0,0,0,0,0,0
0,0,0,0,0,0,0,0
0,0,0,0,0,0,0,0
0,0,0,0,0,0,0,0
0,0,0,0,0,0,0,0
0,0,0,0,0,0,0,0
0,0,0,0,0,0,0,0
0,0,0,0,0,0,0,0
0,0,0,0,0,0,0,0
0,0,0,0,0,0,0,0
0,0,0,0,0,0,0,0
0,0,0,0,0,0,0,0
0,0,0,0,0,0,0,0
0,0,0,0,0,0,0,0
0,0,0,0,0,0,0,0
0,0,0,0,0,0,0,0
0,0,0,0,0,0,0,0
0,0,0,0,0,0,0,0
0,0,0,0,0,0,0,0
0,0,0,0,0,0,0,0
0,0,0,0,0,0,0,0
0,0,0,0,0,0,0,0
0,0,0,0,0,0,0,0
0,0,0,0,0,0,0,0
0,0,0,0,0,0,0,0
0,0,0,0,0,0,0,0
0,0,0,0,0,0,0,0
0,0,0,0,0,0,0,0
0,0,0,0,0,0,0,0
0,0,0,0,0,0,0,0
0,0,0,0,0,0,0,0
0,0,0,0,0,0,0,0
0,0,0,0,0,0,0,0
0,0,0,0,0,0,0,0
0,0,0,0,0,0,0,0
0,0,0,0,0,0,0,0
0,0,0,0,0,0,0,0
0,0,0,0,0,0,0,0
0,0,0,0,0,0,0,0
0,0,0,0,0,0,0,0
0,0,0,0,0,0,0,0
0,0,0,0,0,0,0,0
0,0,0,0,0,0,0,0
0,0,0,0,0,0,0,0
0,0,0,0,0,0,0,0
0,0,0,0,0,0,0,0
0,0,0,0,0,0,0,0
0,0,0,0,0,0,0,0
0,0,0,0,0,0,0,0
0,0,0,0,0,0,0,0
0,0,0,0,0,0,0,0
0,0,0,0,0,0,0,0
0,0,0,0,0,0,0,0
0,0,0,0,0,0,0,0
0,0,0,0,0,0,0,0
0,0,0,0,0,0,0,0
0,0,0,0,0,0,0,0
0,0,0,0,0,0,0,0
0,0,0,0,0,0,0,0
0,0,0,0,0,0,0,0
0,0,0,0,0,0,0,0
0,0,0,0,0,0,0,0
0,0,0,0,0,0,0,0
0,0,0,0,0,0,0,0
101.3,6.8,6.57,6.41,15.18,1.76,41.04,0
64.32,6.65,6.46,6.4,22.31,1.91,17.94,0
97.8,6.89,6.57,6.43,21.01,1.93,14.81,0
72.96,6.67,6.52,6.47,18.1,1.46,28.61,0
69.44,6.78,6.54,6.46,16.95,1.44,19.36,0
80.86,6.84,6.62,6.44,22.25,1.68,21.68,0
72.32,6.75,6.5,6.43,20.39,1.38,22.68,0
65.22,6.69,6.55,6.42,18.22,0.92,21.5,0
61.38,6.73,6.56,6.44,15.59,0.72,22.8,0
60.66,6.72,6.68,6.4,14.85,0.62,25.32,0
71.4,6.65,6.46,6.49,16.94,0.86,26.04,0
84.11,6.67,6.65,6.47,17.46,1.23,29.45,0
109.39,6.71,6.63,6.44,19.08,1.32,16.3,0
79.14,6.71,6.5,6.48,18.69,0.85,21.97,0
81.96,6.95,6.45,6.35,18.52,0.73,17.3,0
68.64,6.64,6.63,6.45,13.44,0.52,25.19,0
48.54,6.48,6.57,6.37,20.3,0.96,36.24,0
57.3,6.68,6.54,6.42,20.94,1.48,37.56,0
81.69,6.73,6.6,6.46,18.23,1.17,29.16,0
96.59,6.75,6.56,6.48,17.49,1.22,22.63,0
92.95,6.84,6.59,6.42,19.66,1.19,24.43,0
98.01,6.82,6.62,6.44,19.63,0.89,21.3,0
91.91,6.87,6.66,6.43,26.59,0.67,26.7,0
78.93,6.84,6.46,6.47,23.68,0.47,25.73,0
83.92,6.78,6.57,6.42,23.27,2.09,25.79,0
112.88,6.63,6.58,6.45,22.62,3.05,27.45,0
97.24,6.54,6.53,6.41,18.04,1.9,24.79,0
131.56,6.67,6.4,6.43,21.53,1.47,21.7,0
108.1,6.7,6.49,6.45,21.34,2.4,20.83,0
82.47,6.86,6.51,6.47,19.2,2.46,24.06,0
82.39,6.75,6.58,6.53,18.27,1.84,25.27,0
95.12,6.71,6.61,6.41,22.31,1.74,21.88,0
137.14,6.81,6.57,6.49,24.08,1.63,24.34,0
99.02,6.59,6.37,6.52,22.58,1.26,34.27,0
120,6.62,6.67,6.43,18.75,0.68,26.57,0
107.58,6.75,6.53,6.45,19.99,0.72,31.45,0
147.92,6.71,6.59,6.44,18.53,0.84,29.08,0
161.83,6.72,6.51,6.43,18.46,0.61,25.83,0
292.69,6.84,6.41,6.42,18.88,0.8,24.82,0
217.02,6.74,6.41,6.47,19.84,0.78,24.78,0
204.29,6.56,6.6,6.41,22.18,0.88,22.37,0
249.16,6.65,6.53,6.42,19.57,0.53,29.39,0
194.32,6.61,6.51,6.44,22.14,0.83,34.8,0
242.83,6.39,6.36,6.44,19.24,0.85,32.91,0
302.27,6.55,6.5,6.42,22.32,2.5,12.9,0
0,0,0,0,0,0,0,0
0,0,0,0,0,0,0,0
145.39,6.26,6.29,6.47,22.18,0.31,35.53,0
204.94,6.06,6.15,6.37,28.21,0.49,35.03,0
234.07,6.61,6.46,6.47,21.52,0.51,25.47,0
162.73,6.38,6.31,6.46,19.17,0.85,20.86,0
217.12,6.57,6.41,6.42,25.89,0.38,23.45,0
191.06,6.42,6.34,6.44,31.66,0.8,21.47,0
158.61,6.32,6.24,6.47,24.69,0.39,28.84,0
231,6.37,6.31,6.45,25.9,0.45,20.6,0
99.59,5.97,6.08,6.45,26.45,0.56,24.22,0
112.65,6.75,6.56,6.49,20.18,0.4,17.1,0
131.46,6.77,6.54,6.42,29.75,0.44,63.2,0
74.74,6.58,6.45,6.45,21.13,0.58,25.83,0
77.87,6.56,6.49,6.47,18.48,0.65,22.84,0
106.04,6.68,6.55,6.44,20.62,0.51,21.7,0
120.89,6.6,6.47,6.45,18.36,0.47,21.22,0
136.3,6.48,6.36,6.45,19.94,0.6,23.53,0
153.42,6.64,6.5,6.45,20.98,0.56,23.28,0
178.28,6.55,6.46,6.41,16.15,0.47,19.87,0
275.95,6.87,6.51,6.46,18.77,0.61,15.71,0
157.59,6.26,6.26,6.38,20.79,0.35,22.19,0
173.2,6.6,6.46,6.44,31.62,0.73,21.9,0
224.65,6.54,6.39,6.47,24.79,0.38,25.6,0
129.68,0,0,0,21.39,0.53,25.49,0
145.37,6.56,6.47,6.48,23.2,0.48,23.54,0
161.91,6.66,6.55,6.42,24.02,0.53,22.91,0
146.2,6.68,6.54,6.48,22.55,0.44,25.8,0
171.65,6.61,6.51,6.43,22.71,0.39,21.69,0
141.29,6.84,6.7,6.45,20.76,0.44,18.73,0
121.13,6.98,6.74,6.43,19.21,0.22,22.31,0
195.75,7.17,7.05,6.4,23.69,0.41,20.2,0
173.37,7.75,7.13,6.45,24.46,0.52,18.56,0
121.8,7.13,6.82,6.48,19.26,0.32,23.76,0
107.62,6.74,6.68,6.44,17.5,0.15,30.77,0
130.44,7.16,6.92,6.42,19.62,0,25.41,0
123.08,7.1,6.8,6.42,21.61,0,28.41,0
133.4,7.45,6.94,6.44,19.77,0,29.37,0
177.11,7.4,6.96,6.41,27.64,0,19.63,0
181.84,7.46,7.03,6.48,28.45,0.43,19.16,0
138.87,7.45,7.02,6.4,20.13,0.14,27.43,0
104.31,7.53,7.16,6.44,21.73,0.48,28.33,0
84.96,7.6,7.58,6.41,15.56,0.36,28.4,0
68.35,7.27,7.09,6.45,32.46,0.67,30,0
72.41,6.93,6.67,6.4,28.76,0.77,28.67,0
61.54,7.63,7.17,6.4,24.5,0,18.87,0
84.21,7.45,6.94,6.52,43.56,0,48.51,0
87.35,7.27,7.03,6.48,36.03,0.27,39.22,0
47.73,7.5,7,6.47,24.63,0.55,32.77,0
52.54,7.34,7.03,6.51,25.82,1.16,26.73,0
70.64,7.41,6.9,6.49,22.13,2.05,24.03,0
35.98,7.35,6.93,6.44,31.47,1.42,24.79,0
50.64,7.33,7.07,6.31,29.77,1.34,46.49,0
45.46,7.46,7.05,6.48,23.75,1.38,28.35,0
51.49,7.18,6.88,6.44,26.31,0.82,77.53,0
31.9,7.34,7,6.44,23.08,0.98,74.01,0
56.95,7.15,6.88,6.41,26.25,1.02,93,0
50.91,7.33,7,6.38,30.53,1.01,127.29,0
41.01,7.31,6.89,6.46,26.69,1.04,140.49,0
55.47,7.41,7.11,6.44,30.72,1.34,94.72,0
51.3,7.32,7.04,6.4,31.12,2.27,28.02,0
37.57,7.34,7.02,6.44,30.16,1.72,31.65,0
33.73,7.32,6.96,6.52,34.55,2.21,27.25,0
52.84,7.37,7.1,6.37,29.64,2.01,35.27,0
39.37,7.41,6.91,6.46,26.46,1.67,168.23,0
75.82,7.3,6.97,6.43,26.21,1.82,57.47,0
113.7,7.45,6.91,6.46,33.53,2.52,37.27,0
147.19,7.27,6.78,6.51,47.89,3.18,28.51,0
125.53,0,0,0,31.11,0.83,33.16,0
158.24,0,0,0,34.36,1.77,72.13,0
134.24,0,0,0,34.99,2.28,31.8,0
125.86,0,0,0,28.05,2.23,51.12,0
131.02,0,0,0,30.53,2.32,29.47,0
119.9,0,0,0,31.04,1.76,28.26,0
112.12,0,0,0,28.43,2.81,33.52,0
0,0,0,0,0,0,0,0
0,0,0,0,0,0,0,0
0,0,0,0,0,0,0,0
0,0,0,0,0,0,0,0
0,0,0,0,0,0,0,0
0,0,0,0,0,0,0,0
0,0,0,0,0,0,0,0
0,0,0,0,0,0,0,0
0,0,0,0,0,0,0,0
0,0,0,0,0,0,0,0
0,0,0,0,0,0,0,0
0,0,0,0,0,0,0,0
0,0,0,0,0,0,0,0
0,0,0,0,0,0,0,0
0,0,0,0,0,0,0,0
0,0,0,0,0,0,0,0
0,0,0,0,0,0,0,0
0,0,0,0,0,0,0,0
0,0,0,0,0,0,0,0
0,0,0,0,0,0,0,0
0,0,0,0,0,0,0,0
0,0,0,0,0,0,0,0
0,0,0,0,0,0,0,0
0,0,0,0,0,0,0,0
105.47,0,0,0,23.11,1.88,45.54,0
86.72,0,0,0,31.23,1.21,44.7,0
109.61,0,0,0,27.19,1.09,34.4,0
94.84,0,0,0,33.48,1.21,44.2,0
110.39,0,0,0,34.14,8.48,37.67,0
104.17,0,0,0,22.48,0,37.12,0
117.19,0,0,0,39.06,0,36.85,0
126.16,0,0,0,34.07,0,35.85,0
121.71,0,0,0,35.37,0,37.31,0
176.72,0,0,0,31.55,0,45.89,0
115.75,0,0,0,34.7,0,38.81,0
109.61,0,0,0,33.2,0.95,32.36,0
116.58,0,0,0,19.41,1.19,25.37,0
115.83,0,0,0,25.6,1.54,44.23,0
118.22,0,0,0,38.68,2.12,35.19,0
128.89,0,0,0,25.51,1.32,36.62,0
97.63,0,0,0,24.7,1.82,35.88,0
125.95,0,0,0,25.58,2.52,18.06,0
118.11,0,0,0,33.02,0,49.91,0
112.34,0,0,0,42.23,0,45.28,0
131.55,0,0,0,49.78,0,39.68,0
0,0,0,0,0,0,0,0
348.6,0,0,0,29.58,0,0,0
0,0,0,0,0,0,0,0
0,0,0,0,0,0,0,0
0,0,0,0,0,0,0,0
0,0,0,0,0,0,0,0
279.5,0,0,0,20.91,0,0,0
0,0,0,0,0,0,0,0
120.34,0,0,0,20.12,0,0,0
151.85,0,0,0,24.44,0.96,33.36,0
197.3,0,0,0,16.72,0,24.01,0
0,0,0,0,0,0,0,0
0,0,0,0,0,0,0,0
140.2,0,0,0,40.91,0,25.4,0
93.63,0,0,0,21.86,0.63,33.72,0
108.9,0,0,0,32.58,0.22,21.93,0
105.64,0,0,0,30.39,0.76,23.28,0
105.53,0,0,0,22.18,0.43,37.65,0
94.72,0,0,0,32.49,0.77,35.47,0
103.8,0,0,0,56.64,1.55,19.43,0
112.11,0,0,0,26.29,0.32,15.65,0
91.92,0,0,0,34.18,0.32,59.75,0
97.83,0,0,0,21.13,0.19,39.83,0
98.88,0,0,0,27.03,0.85,27.56,0
101.18,0,0,0,27.14,0.29,29.98,0
112.52,0,0,0,23.87,0.32,38.77,0
117.53,0,0,0,31.2,0.71,30.01,0
105.6,0,0,0,23.65,0.3,34.26,0
92.69,0,0,0,29.62,0.56,24.62,0
95.28,0,0,0,20.33,0.29,20.82,0
106.6,0,0,0,23.73,0.48,20.54,0
97.25,0,0,0,21.46,0.52,27.66,0
98.81,0,0,0,27.15,0.32,21.68,0
311.89,0,0,0,41.51,0.25,26.43,0
94.39,0,0,0,21.93,0.57,25.39,0
170.87,0,0,0,26.65,0.34,23.73,0
106.79,0,0,0,27.95,0.59,28.98,0
217.76,0,0,0,25.62,0.46,38.36,0
124.56,0,0,0,17.51,1.29,19.69,0
108.74,0,0,0,11.69,0.53,29.46,0
0,0,0,0,0,0,0,0
89.54,0,0,0,16.2,0.46,30.7,0
91.99,0,0,0,11.95,0,28.32,0
89.6,0,0,0,11.42,0.31,21.28,0
121.9,0,0,0,13.43,0,18.99,0
0,0,0,0,0,0,0,0
0,0,0,0,0,0,0,0
0,0,0,0,0,0,0,0
0,0,0,0,0,0,0,0
79.8,0,0,0,0.31,2.39,14.21,0
130.3,0,0,0,118.57,0,13.69,0
71.57,0,0,0,16.62,1.34,14.05,0
20.66,0,0,0,13.93,0.57,14.05,0
12.59,0,0,0,17.89,0.76,14.5,0
0,0,0,0,0,0,0,0
116.11,0,0,0,48.34,1.05,12.38,0
21.65,0,0,0,29.59,1.27,14.32,0
77.54,0,0,0,22.08,0,18.09,0
42.86,0,0,0,19.81,1.16,14.12,0
52,0,0,0,13.52,0.49,20.28,0
36.69,0,0,0,13.31,0.43,26.01,0
94.88,0,0,0,11.42,0.2,13.6,0
0,0,0,0,0,0,0,0
48.06,0,0,0,11.62,0.18,20.24,0
98.37,0,0,0,16.6,0.39,17.24,0
99.94,0,0,0,13.67,0.35,18.07,0
23.65,0,0,0,14.09,0.22,13.29,0
28.64,0,0,0,13.77,1.34,13.63,0
29.94,0,0,0,18.89,0.63,17.48,0
39.13,0,0,0,12.3,1.51,15.61,0
116.65,0,0,0,14.81,0.58,15.79,0
109.54,0,0,0,26.5,1.71,12.98,0
35.14,0,0,0,17.39,1.03,14.13,0
52.52,0,0,0,16.71,0.92,22.39,0
59.88,0,0,0,16.4,0.71,12.96,0
29.18,0,0,0,55.89,0.58,14.42,0
0,0,0,0,0,0,0,0
0,0,0,0,0,0,0,0
0,0,0,0,0,0,0,0
0,0,0,0,0,0,0,0
2.9,0,0,0,11.53,0.52,38.48,0
0,0,0,0,0,0,0,0
0,0,0,0,0,0,0,0
0,0,0,0,0,0,0,0
11.71,0,0,0,11.73,0.28,14.8,0
0,0,0,0,0,0,0,0
0,0,0,0,0,0,0,0
0,0,0,0,8.12,0,55.27,0
0,0,0,0,0,0,0,0
0,0,0,0,0,0,0,0
20.18,0,0,0,15.03,0.01,13.29,0
31.07,0,0,0,12.32,0.03,14.31,0
10,0,0,0,14.19,0.58,14.44,0
5.4,0,0,0,14.2,0.01,12.54,0
0,0,0,0,0,0,0,0
0,0,0,0,0,0,0,0
0,0,0,0,0,0,0,0
0,0,0,0,0,0,0,0
22.35,0,0,0,0,0.53,15.79,0
0,0,0,0,0,0,0,0
0,0,0,0,0,0,0,0
55.35,0,0,0,17.91,0.1,15.72,0
20.8,0,0,0,16.6,0.73,18.79,0
0,0,0,0,0,0,0,0
0,0,0,0,0,0,0,0
0,0,0,0,0,0,0,0
0,0,0,0,0,0,0,0
0,0,0,0,0,0,0,0
19.79,0,0,0,15.74,0.36,14.35,0
4.9,0,0,0,7.29,0.22,15.67,0
0,0,0,0,0,0,0,0
0,0,0,0,0,0,0,0
22.77,0,0,0,12.3,0.28,14.3,0
3.55,0,0,0,13.79,0.28,14.18,0
0,0,0,0,0,0,0,0
15.88,0,0,0,9.12,0.11,14,0
0,0,0,0,0,0,0,0
0,0,0,0,0,0,0,0
0,0,0,0,0,0,0,0
0,0,0,0,0,0,0,0
182.7,0,0,0,13,0.92,6.07,0
35.6,0,0,0,13.76,1.85,15.29,0
30.46,0,0,0,14.38,1.66,26.79,0
249.7,0,0,0,6.47,1.24,19.82,0
0,0,0,0,0,0,0,0
58.75,0,0,0,8.76,0.79,46.46,0
103.4,0,0,0,12.56,4.26,13.62,0
7.31,0,0,0,15.22,0.84,14.41,0
60.95,0,0,0,13,2.28,50.16,0
44.58,0,0,0,16.58,1.66,32.27,0
49.9,0,0,0,13,0.3,10.88,0
84.26,0,0,0,12.11,0,15.29,0
2.13,0,0,0,16.5,0,15.16,0
0,0,0,0,0,0,0,0
28.49,0,0,0,11.06,0,15.04,0
0,0,0,0,0,0,0,0
0,0,0,0,0,0,0,0
5.01,0,0,0,14.19,0,34.95,0
0,0,0,0,0,0,0,0
20.13,0,0,0,16.26,0,14,0
0,0,0,0,0,0,0,0
42.1,0,0,0,10.51,0,100.03,0
67.2,0,0,0,23.07,0,15.24,0
3.03,0,0,0,22.55,0,16.18,0
245.6,0,0,0,13,0,3.88,0
0,0,0,0,0,0,0,0
20.67,0,0,0,19.75,0,16.09,0
0,0,0,0,0,0,0,0
51.14,0,0,0,12.09,0,14.52,0
0,0,0,0,0,0,0,0
0,0,0,0,0,0,0,0
0,0,0,0,0,0,0,0
0,0,0,0,0,0,0,0
0,0,0,0,0,0,0,0
0,0,0,0,0,0,0,0
0,0,0,0,0,0,0,0
3.3,0,0,0,13.46,0,18.66,0
40.3,0,0,0,18.93,0,14.79,0
15.11,0,0,0,17.72,0,57.27,0
0,0,0,0,0,0,0,0
0,0,0,0,0,0,0,0
0,0,0,0,0,0,0,0
13.4,0,0,0,13.68,0,114.41,0
466.85,0,0,0,22.04,0,18.19,0
1.05,0,0,0,27.97,0,45.74,0
44.58,0,0,0,10.11,0,18.09,0
291.8,0,0,0,13,0,0,0
0,0,0,0,0,0,0,0
0,0,0,0,0,0,0,0
0,0,0,0,0,0,0,0
0,0,0,0,0,0,0,0
0,0,0,0,0,0,0,0
0,0,0,0,48.18,0,10.66,0
0,0,0,0,0,0,0,0
116.83,0,0,0,12.57,0,15.05,0
32.03,0,0,0,13,0,34.49,0
10.8,0,0,0,13,0,89.66,0
216.78,0,0,0,13,0,19.99,0
8,0,0,0,13,0,0,0
17.68,0,0,0,13,0,41.92,0
106.58,0,0,0,13,0,26.15,0
9.7,0,0,0,13,0,53.61,0
0,0,0,0,0,0,0,0
0,0,0,0,0,0,0,0
0,0,0,0,0,0,0,0
1.5,0,0,0,0,0,0,0
0,0,0,0,0,0,0,0
0,0,0,0,0,0,0,0
0,0,0,0,0,0,0,0
4.6,0,0,0,13,0,0,0
107.54,0,0,0,13,0,0,0
0,0,0,0,0,0,0,0
15.59,0,0,0,13,0,22.81,0
17.63,0,0,0,13,0,34.77,0
0,0,0,0,0,0,0,0
69.47,0,0,0,13,0,26.04,0
93.39,0,0,0,13,0,21.31,0
73.24,0,0,0,13,0,19.98,0
39.78,0,0,0,13,0,15.49,0
45.77,0,0,0,13,0,17.06,0
56.04,0,0,0,13,0,14.08,0
31.28,0,0,0,13,0,14.74,0
0,0,0,0,0,0,0,0
216.04,0,0,0,13,0,34.77,0
51.71,0,0,0,13,0,21.07,0
177.95,0,0,0,0,0,0,0
55.31,0,0,0,13,0,29.8,0
63.58,0,0,0,13,0,35.66,0
33.48,0,0,0,13,0,16,0
48.06,0,0,0,13,0,21.07,0
66.88,0,0,0,13,0,21.5,0
46.45,0,0,0,13,0,21.83,0
67.82,0,0,0,13,0,21.67,0
75.33,0,0,0,13,0,21.66,0
65.6,0,0,0,13,0,24.47,0
110.75,0,0,0,13,0,23.2,0
57.21,0,0,0,13,0,16.34,0
0,0,0,0,0,0,0,0
0,0,0,0,0,0,0,0
0,0,0,0,0,0,0,0
37.5,0,0,0,13,0,31.96,0
94.66,0,0,0,13,0,16.67,0
59.85,0,0,0,13,0,22.16,0
60.83,0,0,0,13,1.02,17.11,0
0,0,0,0,0,0,0,0
40.23,0,0,0,13,2.83,17.87,0
0,0,0,0,0,0,0,0
77.85,0,0,0,13,3.41,14.27,0
96.71,0,0,0,0,1.36,42.58,0
9.79,0,0,0,13,0.98,51.67,0
42.39,0,0,0,13,2.15,32.41,0
45.04,0,0,0,13,1.78,14.7,0
74.47,0,0,0,13,1.08,42.74,0
67.86,0,0,0,13,0.75,28.1,0
49.91,0,0,0,13,1.03,19.67,0
49.49,0,0,0,13,1.31,30.02,0
42.68,0,0,0,13,1.44,36.2,0
118.59,0,0,0,13,0.94,37.36,0
104.03,0,0,0,13,0.86,0,0
0,0,0,0,13,1.39,0,0
0,0,0,0,13,1.65,0,0
0,0,0,0,13,1.25,0,0
0,0,0,0,13,2,0,0
114.54,0,0,0,13,2.11,14.15,0
141.9,0,0,0,13,1.37,23.71,0
193.04,0,0,0,13,1.03,22.76,0
0,0,0,0,0,0,0,0
0,0,0,0,0,0,0,0
0,0,0,0,0,0,0,0
